origem;destino;dist_km;tempo;abast.;abast.lt.;consm.lbs;decea;tx.aerop.;comissaria;fbo;hospedagem;Transporte;slot;outros;comissoes;variável trip.;receita;com.terceiros
SBBH;SBRJ;373;0,7;11235,95;1550;1050;;;;4214,91;;;;;0;223,8;0,01;
SBRJ;SBBH;373;0,7;;;1020;713,63;717,53;;700;;;;;0;223,8;0,01;
SBBH;SBSP;627;1,2;11330,11;1503;1600;713,63;654,77;;2050;;;;;0;376,2;0,01;
SBSP;SBBH;627;0,8;3051,35;411;1066;845,44;708,82;;;;;;8333,37;0;1128,6;0,01;
SBBH;SBPA;1474,192;1,8;12343,54;1932;2920;713,63;629,46;;990;;;;;0;884,5152;0,01;
SBPA;SBCT;564,86;0,7;8008,13;1100;1420;845,44;631,92;;630;;;;;0;338,916;0,01;
SBCT;SBBH;888,96;1,2;5962,08;749;1950;845,44;708,82;;;;;;422,5;0;1066,752;0,01;
SBBH;SBZM;279,652;0,5;8216;1300;850;713,63;1439,98;;;;;;;0;167,7912;0,01;
SBZM;SBBH;261,132;0,5;;;800;505,07;730,42;;;;;;;0;313,3584;0,01;
SBBH;SBSP;688,944;1,1;6429;1000;1550;713,63;654,77;;2250;;;;;0;413,3664;0,01;
SBSP;SBBH;587,084;0,9;5548;760;1350;845,44;730,42;;;;;;3562,32;0;1056,7512;0,01;
SBBH;SBSP;675,98;1;5143,2;800;1520;713,63;654,77;;760;;;;;0;405,588;0,01;
SBSP;SBSV;1492,712;2;12410;1700;3110;845,44;551,13;;600;;;;;0;895,6272;0,01;
SBSV;SBBH;1050,084;1,5;8721,96;1184;2290;713,63;730,42;;;;;;531,2;0;1217,142818;0,01;
SBBH;SBSP;681,536;1,1;11792,55;1930;1540;713,63;654,77;;;;;;300;0;408,9216;0,01;
SBSP;SBBH;542,636;0,8;;;1230;845,44;730,42;;1100;;;;;0;651,1632;0,01;
SBBH;SBMO;1501,972;2,1;9165,2;1500;2430;713,63;657,46;;708;;;;;0;901,1832;0,01;
SBMO;SBBH;1500,12;2,1;9111,6;1200;2410;713,63;730,42;;;;;;;0;900,072;0,01;
SBBH;SDPA;414,848;0,6;5499,12;900;980;713,63;1000;1041,1;;;;;;0;248,9088;0,01;
SDPA;SBBH;414,848;0,7;;;1143;;730,42;;;;;;77,76;0;248,9088;0,01;
SBBH;SBMO;1529,752;1,9;12281,35;2010;2410;713,63;657,46;;700;;;;;0;917,8512;0,01;
SBMO;SBBH;1501,972;2;7593;1000;2590;713,63;730,42;;;;;;;0;1246,63676;0,01;
SBBH;SBBR;775,988;1;11609,26;1900;1630;713,63;464,98;;;;;;;0;1396,7784;0,01;
SBBR;SBBH;598,196;1;;;1170;845,44;730,42;;620;;;;;0;1076,7528;0,01;
SBBH;SBSP;913,036;1,5;8248,68;1350;1870;713,63;654,77;;650;;;;;0;547,8216;0,01;
SBSP;SBPA;907,48;1,3;5851,26;800;1730;845,44;629,46;;1760;;;;;0;544,488;0,01;
SBPA;SBFL;301,876;0,7;5621,75;750;1020;845,44;634,4;;800;;;;;0;181,1256;0,01;
SBFL;SBBI;811,176;0,6;;;850;845,44;631,92;;380;;;;;0;486,7056;0,01;
SBBI;SBBH;418,552;1,2;7668,69;1040;1540;713,63;730,42;;;;;;;0;477,8468667;0,01;
SBBH;SBSP;1072,308;1,9;10582,76;1732;2310;713,63;654,77;;750;;;;;0;643,3848;0,01;
SBSP;SBBH;551,896;0,9;;;1130;845,44;730,42;438;;;;;;0;331,1376;0,01;
SBBH;SBUL;831,548;0,9;7332,16;1200;1240;713,63;569,94;;500;;;;;241,1737401;498,9288;16078,24934;
SBUL;SBBH;564,86;0,7;3707,43;508;970;713,63;730,42;;;;;;;163,8262599;338,916;10921,75066;
SBBH;SBSP;577,824;1,5;9745,66;1595;1830;713,63;654,77;;750;;;;;0;651,01504;0,01;
SBSP;SBBH;435,22;0,9;;;1320;845,44;730,42;;;;;;;0;522,264;0,01;
SBBH;SBRP;524,116;0,7;5471,19;900;1140;713,63;538,18;;;;;;;75,65433807;314,4696;5043,622538;
SBRP;SBBH;509,3;0,8;;;1070;713,63;730,42;;;;;;2775,98;73,51569954;305,58;4901,046636;
SBBH;SBRP;514,856;0,8;9118,65;1500;1130;713,63;736,42;;;;;;;74,31768899;926,7408;4954,512599;
SBRP;SBBH;472,26;0,9;;;1130;713,63;730,42;;;;;;;68,16910321;850,068;4544,606881;
SBBH;SBRP;520,412;0,8;7659,67;1260;1050;713,63;538,18;;;;;;;75,11967844;936,7416;5007,978563;
SBRP;SBBH;487,076;0,7;;;1040;713,63;730,42;;3500;;;;;70,30774174;876,7368;4687,182783;
SBBH;SBPS;627,828;0,9;9732,64;1601;1440;713,63;544,21;;1500;;;;;280,2217742;376,6968;18681,45161;
SBPS;SBBH;750,06;0,9;2514,87;361;1730;552,6;730,42;;;4020;;;;334,7782258;1350,108;22318,54839;
SBBH;SBGR;592,64;0,9;6639,51;1180;1370;713,63;485,61;;5938,2;1672,99;;;;159,4548552;355,584;10630,32368;
SBGR;SBBH;494,484;0,7;1893,24;315;1040;845,44;730,42;;;;;;;133,0451448;890,0712;8869,67632;
SBBH;SBNF;1033,416;1,4;9008,35;1601;1860;713,63;631,92;249,5;750;;;;;0;620,0496;0,01;
SBNF;SBPA;507,448;0,8;;;1140;552,6;629,46;;1020;;;;;0;304,4688;0,01;
SBPA;SBSP;872,292;1,2;11815;1700;1790;845,44;654,77;;1500;;;;;0;642,3241091;0,01;
SBSP;SBBH;538,932;0,8;735,98;113;1160;845,44;730,42;;;;;;858,41;0;323,3592;0,01;
SBBH;SBIP;235,204;0,4;3494,18;621;520;713,63;747,49;;;357;;;;152,9243119;141,1224;10194,95413;
SBIP;SBBH;168,532;0,4;;;710;;730,42;;;;;;;109,5756881;202,2384;7305,045872;
SBBH;SBRJ;450,036;0,8;5232,83;930;1080;713,63;836,81;199,6;;;;;433,54;0;270,0216;0,01;
SBRJ;SBBH;424,108;0,6;2430,74;390;1020;713,63;730,42;;700;;;;;0;254,4648;0,01;
SBBH;SBSP;735,244;1,1;5621,07;999;1570;713,63;654,77;;1300;;;;;0;441,1464;0,01;
SBSP;SBBH;505,596;0,8;3790,35;560;1270;845,44;730,42;;;;;;2922,89;0;606,7152;0,01;
SBBH;SBIP;220,388;0,3;3938,69;700;540;713,63;725,49;;;;170;;;141,9886364;132,2328;9465,909091;
SBIP;SBBH;187,052;0,4;;;700;;730,42;;;;;;;120,5113636;112,2312;8034,090909;
SBBH;SBBR;714,872;1,1;10578,2;1880;1560;713,63;464,98;;680;;;;;360,2666667;765,4629415;24017,77778;
SBBR;SBBH;635,236;0,9;;;1390;845,44;730,42;;;;;;;320,1333333;762,2832;21342,22222;
SBBH;SBIP;177,792;0,3;3162,21;562;530;713,63;719,99;;;;;;;116,6666667;106,6752;7777,777778;
SBIP;SBBH;222,24;0,4;;;680;;730,42;;;;;;;145,8333333;133,344;9722,222222;
SBBH;SBIP;175,94;0,3;3859,92;686;560;713,63;719,99;;;;;;;0;105,564;0,01;
SBIP;SBBH;246,316;0,4;;;740;;730,42;;;;;;;0;147,7896;0,01;
SBBH;SBCP;387,068;0,6;6470,71;1150;960;713,63;461,12;;;;;;;199,2959375;232,2408;13286,39583;
SBCP;SBSP;535,228;1,1;4055;500;1600;431,43;654,77;;750;;;;;275,5814638;440,9639642;18372,09759;
SBSP;SBBH;766,728;0,8;3875,24;595;1120;845,44;730,42;;;;;;;394,7775987;920,0736;26318,50658;
SBBH;SBIP;170,384;0,3;;;510;713,63;719,99;;;;;;;121,3567839;102,2304;8090,452261;
SBIP;SBBH;198,164;0,3;3243,39;614;570;;730,42;;;;;;;141,1432161;118,8984;9409,547739;
SBBH;SBTV;596,344;0,8;5791,86;1150;1320;713,63;6040;;;;;;3833,22;0;357,8064;0,01;
SBTV;SBBH;733,392;1;3234,03;327;1520;;730,42;;;;;;;0;1320,1056;0,01;
SBBH;SBJD;513,004;0,9;14693,5;2454;1300;713,63;485,99;;;;;;;0;307,8024;0,01;
SBJD;SBBH;498,188;0,8;7576,24;1162;1180;552,6;730,42;;;;180;;;0;298,9128;0,01;
SBBH;SBSP;529,672;1,3;2163,03;430;1750;713,63;654,77;299,4;750;;;;;0;317,8032;0,01;
SBSP;SBGR;101,86;0,4;;;460;845,44;485,61;;750;;;;;0;61,116;0,01;
SBGR;SBBH;492,632;0,8;4950,13;669;1140;845,44;730,42;;600;;;300;;0;295,5792;0,01;
SBBH;SBSP;520,412;1,1;8048,48;1600;1470;713,63;654,77;;;;;;;171,7272;312,2472;11448,48;
SBSP;SBBH;696,352;0,8;4950,13;;1280;845,44;730,42;;;;;;;0;417,8112;0,01;
SBBH;SBPS;633,384;0,9;7826,8;1550;1330;713,63;544,21;;1700;668,01;;;;102,2179982;760,0608;6814,533214;
SBPS;SBBH;818,584;1,1;;;1590;552,6;730,42;;;;;;;132,1063018;982,3008;8807,086786;
SBBH;SBFL;955,632;1,6;8290,02;1640;2330;713,63;634,4;199,6;;;;;193,6;0;573,3792;0,01;
SBFL;SBBH;1240,84;1,6;5478,59;871;1780;845,44;730,42;;800;;;;;0;1140,516766;0,01;
SBBH;SBSP;748,208;1,2;4195,56;830;1540;713,63;654,77;578,7;750;;;;;297,5351567;448,9248;19835,67711;
SBSP;SBBH;535,228;0,8;4470,07;734;1170;845,44;730,42;;;;;150;;251,0907433;321,1368;16739,38289;
SBBH;SBBR;746,356;1,1;8254,65;1633;1610;713,63;464,98;;;;;;;199,6497135;895,6272;13309,9809;
SBBR;SBBH;613,012;0,9;;;1270;845,44;730,42;;;;;;;166,6601865;367,8072;11110,6791;
SBBH;SBSP;794,508;1,2;7076,85;1400;1620;713,63;654,77;;1150;;;1000;;320,0697013;476,7048;21337,98009;
SBSP;SBBH;507,448;0,8;1705,21;280;1120;845,44;730,42;;;;;150;;192,9302987;608,9376;12862,01991;
SBBH;SBSV;938,964;1,3;8087,82;1600;1830;713,63;551,13;;1200;832;;;;118,878327;1029,382756;7925,2218;
SBSV;SBSP;1872,372;2,6;6407,93;1100;3220;713,63;654,77;;1300;1009,92;;150;;237,0532319;3370,2696;15803,5488;
SBSP;SBBR;926;1,3;7003,52;1150;1700;845,44;464,98;;;;;;;117,2370089;555,6;7815,800591;
SBBR;SBBH;646,348;1;3404,74;609;1280;845,44;730,42;;;;;;;81,83143219;387,8088;5455,428813;
SBBH;SBGR;600,048;0,9;7582,32;1500;1380;713,63;2755,61;;600;;;;;0;648,05184;0,01;
SBGR;SBBH;450,036;0,7;;;980;845,44;730,42;;600;;;;;31,5;270,0216;2100;
SBBH;SBIP;237,056;0,3;2840,85;562;520;713,63;736,49;;;;;;100;154,1284404;142,2336;10275,22936;
SBIP;SBBH;166,68;0,4;;;710;;730,42;;;;;;;108,3715596;173,0907692;7224,770642;
SBBH;SBRJ;400,032;0,7;3892,27;770;990;713,63;872,66;;700;429,45;;;;31,5;240,0192;2100;
SBRJ;SBBH;472,26;0,8;3055,64;571;1150;713,63;730,42;249,5;;;;;;0;326,4753913;0,01;
SBBH;SDPA;412,996;0,7;4347,21;860;970;713,63;1000;;;;;;;175,3405887;247,7976;11689,37258;
SDPA;SBBH;420,404;0,7;;;1060;;730,42;;;;;;;178,4857113;252,2424;11899,04742;
SBBH;SNUI;416,7;0,7;7582,34;1500;970;713,63;;;;;;;160;3438,467144;750,06;18152,86624;3214,39
SNUI;SBBH;455,592;0,7;404,39;80;1100;;730,42;;;460;;;;3463,881156;273,3552;19847,13376;3214,39
SBBH;SNPD;287,06;0,6;4549,4;900;1040;713,63;;;;;;;100;141,3851351;172,236;9425,675676;
SNPD;SBBH;398,18;0,5;;;730;;730,42;;;;;;;196,1148649;238,908;13074,32432;
SBBH;SBSJ;525,968;0,8;5560,38;1100;1240;713,63;622,92;;;157,5;;;;247,5830258;315,5808;16505,53506;
SBSJ;SBBH;477,816;0,8;2419,35;357;1140;845,44;730,42;;;;;;;224,9169742;573,3792;14994,46494;
SBBH;SDAM;501,892;0,9;6571,37;1300;1320;713,63;485,99;578,7;;;;;;47,25;301,1352;3150;
SDAM;SBBH;574,12;0,8;;;1150;303,31;730,42;;;;;;;0;344,472;0,01;
SBBH;SDAM;564,86;1;7076,85;1400;1280;713,63;485,99;;;;;;;0;1016,748;0,01;
SDAM;SBBH;513,004;0,8;;;1180;303,31;730,42;;;;;;;15,75;923,4072;1050;
SBBH;SBIP;181,496;0,3;3846,77;761;600;713,63;752,99;;;240;;;;115,3587444;108,8976;7690,58296;
SBIP;SBBH;231,5;0,5;;;740;;730,42;;;;;;;147,1412556;277,8;9809,41704;
SBBH;SBKP;685,24;1,1;7081,9;1401;1440;713,63;1437,79;;;;100;;391,66;47,25;550,3004308;3150;
SBKP;SBBH;527,82;0,8;7535,4;1200;1170;845,44;730,42;;1638,85;714;360;;137;16,5;316,692;1100;
SBBH;SBSP;668,572;1;;;1360;713,63;654,77;;1300;1365;;;381,69;0;401,1432;0,01;
SBSP;SBBH;525,968;0,8;3528,73;561;1200;845,44;730,42;;;;;;;0;315,5808;0,01;
SBBH;SBGR;601,9;0,8;6830,5;1300;1330;713,63;485,61;;600;;;;;33;702,9332143;2200;
SBGR;SBBH;472,26;0,8;;;1140;845,44;730,42;;;;;;;0;566,712;0,01;
SBBH;SBBR;768,58;1,1;10245,74;1950;9;713,63;464,98;;810;;;;;333,7846468;461,148;22252,30979;
SBBR;SBSP;1048,232;1,7;;;2020;845,44;654,77;;;;;;;455,2340002;1257,8784;30348,93335;
SBSP;SBBH;538,932;0,8;6265,53;904;1140;845,44;730,42;;;;;;;234,0514029;646,7184;15603,42686;
SBBH;SBRJ;422,256;0,7;3184,06;606;1010;713,63;952,28;;1400;;;;;0;253,3536;0,01;
SBRJ;SBBH;431,516;0,7;3508,6;660;1010;713,63;730,42;;;;;;2931,22;0;258,9096;0,01;
SBBH;SBCG;1400,112;1,9;8406,77;1600;2350;713,63;538,18;239,6;400;;;;;598,5698934;840,0672;39904,65956;
SBCG;SBBH;1057,492;1,5;6415,73;950;1790;845,44;730,42;;;;;;;452,0944566;634,4952;30139,63044;
SBBH;SNSS;492,632;0,7;6152,7;1171;1170;713,63;;;;298;;;;2849,394767;295,5792;23604,09556;2533,333333
SNSS;SNUI;125,936;0,3;;;440;;;;;460;;;;2585,845279;75,5616;6034,129693;2533,333333
SNUI;SBBH;466,704;0,7;;;1200;;730,42;;;;;;;2830,759954;280,0224;22361,77474;2533,333333
SBBH;SBRJ;442,628;0,8;11012,87;2096;1170;713,63;693,41;70,8;700;714,42;;;;185,9922179;265,5768;12399,48119;
SBRJ;SSCN;1237,136;1,7;2658,03;500;2210;713,63;;;;;;;;519,844358;742,2816;34656,29053;
SSCN;SBBH;1176,02;1,6;5668;650;1920;;730,42;;;;;;;494,1634241;705,612;32944,22827;
SBBH;SBPA;1787,18;2,4;8212,37;1563;3010;713,63;629,46;299,5;990;;;;;0;1072,308;0,01;
SBPA;SSCN;101,86;0,3;8527,37;1415;440;1450,1;;;;;;;;0;61,116;0,01;
SSCN;SBBH;1111,2;1,6;;;1960;;730,42;;;;;;2878,25;0;666,72;0,01;
SBBH;SBPS;598,196;0,9;8932,2;1700;1280;713,63;544,21;399,9;400;;;;;264,5857634;358,9176;17639,05089;
SBPS;SBBH;833,4;1,3;3031,6;424;1540;;730,42;;;;;;;368,6179366;500,04;24574,52911;
SBBH;SBRJ;457,444;0,8;4203,38;800;1170;713,63;693,41;;700;;;;;0;274,4664;0,01;
SBRJ;SBBH;387,068;0,6;;;960;713,63;730,42;;;;;;;0;232,2408;0,01;
SBBH;SBTV;611,16;0,9;8233,38;1567;1260;713,63;;599;;;;;;0;366,696;0,01;
SBTV;SBBH;764,876;1,1;;;1490;;730,42;;;;;;;0;458,9256;0,01;
SBBH;SBGL;370,4;0,6;11328,12;2156;920;713,63;504,24;;1784,2;;;;;258,7292857;222,24;17248,61905;
SBGL;SBCP;244,464;0,5;;;790;845,44;593,34;;;382;;;;158,3863286;146,6784;10559,08857;
SBCP;SBRJ;318,544;0,5;;;890;431,43;765,11;;1400;1024,8;;;;206,3821857;323,8530666;13758,81238;
SBRJ;SBBH;446,332;0,7;1241,33;200;1070;713,63;730,42;;;;;;;0;267,7992;0,01;
SBBH;SBTV;638,94;1;9630,12;1550;1260;713,63;;;;;;;;114;1150,092;7600;
SBTV;SBBH;740,8;1;;;1560;;730,42;;;;;;;0;1333,44;0,01;
SBBH;SBSP;720,428;1,2;8076,87;1300;1590;713,63;654,77;;1235,97;;;;;0;432,2568;0,01;
SBSP;SBBH;648,2;0,9;3720,33;561;1150;845,44;730,42;;;;;;2129,12;0;777,84;0,01;
SBBH;SBJE;2000,16;2,7;11469,17;1846;3470;713,63;818,39;479,2;;;;;;0;3600,288;0,01;
SBJE;SBBH;1952,008;2,6;15657,85;1850;3330;379,02;730,42;;;;;;2511,45;0;3513,6144;0,01;
SBBH;SBGO;796,36;1,1;10562,07;1700;1490;713,63;631,92;239,6;;1256,79;;;;450,5934167;477,816;30039,56111;
SBGO;SBBH;637,088;1;;;1230;713,63;730,42;;;;551,78;;139,67;360,4747333;1146,7584;24031,64889;
SBBH;SNUI;411,144;0,7;6481,63;1050;940;713,63;;;;;;;;1751,776663;246,6864;18285,11088;1500
SNUI;SBBH;464,852;0,7;;;1060;;730,42;;;;;;;1787,605597;278,9112;20673,70644;1500
SBBH;SNUI;407,44;0,6;6796,45;1101;930;713,63;;;;;;;;1749,305702;244,464;18120,38015;1500
SNUI;SBBH;470,408;0,8;;;1090;;730,42;;;;;;;1791,312038;282,2448;20920,80253;1500
SBBH;SBJV;1020,452;1,5;9382,93;1520;1840;713,63;688,01;149,4;;1054,48;;;;667,3137624;612,2712;44487,58416;
SBJV;SBBH;813,028;1,2;6387,94;800;1550;713,63;730,42;14,99;;;;;;531,6710376;1463,4504;35444,73584;
SBBH;SBIP;285,208;0,7;6790,28;1100;830;713,63;719,99;326,2;;;;;;0;171,1248;0,01;
SBIP;SBBH;288,912;0,7;;;1680;;730,42;;;;;;;0;173,3472;0,01;
SBBH;SBBR;707,464;1;6421,02;1000;1450;713,63;483,56;;810;;;;;332,7620397;424,4784;22184,13598;
SBBR;SBBH;600,048;0,9;3191,35;470;1260;845,44;730,42;;;;;;;282,2379603;360,0288;18815,86402;
SBBH;SBGV;250,02;0,5;4578,18;713;760;713,63;;479,2;795;;;;;104,2362221;150,012;6949,081475;
SBGV;SBBH;309,284;0,5;;;830;379,02;730,42;;;;;;;128,9440674;185,5704;8596,271158;
SBBH;SBGV;251,872;0,5;6063,5976;948;650;713,63;296,43;;;182,31;;;;105,0083423;151,1232;7000,556153;
SBGV;SBBH;288,912;0,6;;;780;379,02;730,42;;;;;;;120,4507456;173,3472;8030,049705;
SBBH;SBGV;242,612;0,4;4841,9234;757;670;713,63;296,43;;;;;;;101,1477415;145,5672;6743,182765;
SBGV;SBBH;351,88;0,6;;;900;379,02;730,42;;;;;;;146,7028311;211,128;9780,188743;
SBBH;SBGL;450,036;0,8;9594,3;1500;1100;713,63;504,24;179,7;800;;;;;150,8823529;540,0432;10058,82353;
SBGL;SBBH;400,032;0,7;;;1220;845,44;730,42;;;;;;;134,1176471;480,0384;8941,176471;
SBBH;SBGR;624,124;1,1;10042,034;1570;1320;713,63;502,32;;1200;;;;;216,7597087;374,4744;14450,64725;
SBGR;SBBH;520,412;0,8;;;1050;845,44;730,42;;;;;;;180,7402913;312,2472;12049,35275;
SBBH;SBGR;557,452;0,9;7419,592;1160;1200;713,63;502,32;;;;;;;211,0185185;447,9525;14067,90123;
SBGR;SBBH;492,632;0,8;1831,07;261;1130;845,44;730,42;;;;;;;294,4814815;591,1584;19632,09877;
SBBH;SBSP;772,284;1,3;7677,62;1200;1500;713,63;654,77;179,7;750;;;;300;0;463,3704;0,01;
SBSP;SBBH;538,932;0,8;2988,91;434;1200;845,44;730,42;;;;;;875,2;0;646,7184;0,01;
SBBH;SBJF;250,02;0,5;11708,38;1830;730;713,63;388,09;;;;;;;111,5792627;450,036;7438,617512;
SBJF;SBCY;1577,904;2,1;;;2510;;;;;760;;;;704,1891244;2840,2272;46945,94163;
SBCY;SBJF;1533,456;2,1;13210,25;1700;2490;713,63;388,09;;600;;;;;684,3528111;991,95435;45623,52074;
SBJF;SBBH;255,576;0,5;;;690;;730,42;;;;;;;114,0588018;306,6912;7603,920123;
SBBH;SBIP;174,088;0,3;5380,73;841;530;713,63;725,49;;;;200;;;115,890411;104,4528;7726,027397;
SBIP;SBBH;231,5;0,5;;;690;;730,42;;;;;;;154,109589;138,9;10273,9726;
SBBH;SBMK;411,144;0,7;7357,72;1150;960;713,63;569,94;;400;;;;;159,2938497;246,6864;10619,58998;
SBMK;SBBH;401,884;0,6;;;930;379,02;730,42;;;;;;;155,7061503;241,1304;10380,41002;
SBBH;SBGR;614,864;0,9;12169,02;1902;1350;713,63;502,32;279,26;1230;;53,62;;;370,720353;368,9184;24714,6902;
SBGR;SBRJ;338,916;0,6;;;870;845,44;693,41;;700;;;;;204,3428452;203,3496;13622,85634;
SBRJ;SBBH;453,74;0,7;9810,63;1500;1000;713,63;730,42;;;;;;;273,5737544;272,244;18238,2503;
SBBH;SDPA;392,624;0,7;4657,76;728;940;713,63;1000;;;;;;;216,1585567;235,5744;14410,57044;
SDPA;SBRJ;112,972;0,3;;;430;;800,96;;700;;;;;62,19656583;67,7832;4146,437722;
SBRJ;SBGR;466,704;0,8;;;1190;713,63;2358,29;;;1284,04;;;;281,3901474;560,0448;18759,34316;
SBGR;SBCT;475,964;0,8;4910,92;700;1070;845,44;631,92;372;700;;;;;221,3945905;571,1568;14759,63937;
SBCT;SBVT;1048,232;1,5;1883,48;250;1960;845,44;726,45;;1199;;;;;487,5849737;1257,8784;32505,66491;
SBVT;SBGL;561,156;0,9;8155,62;1100;1290;713,63;504,24;;800;;;;;261,0216379;1010,0808;17401,44252;
SBGL;SBBH;379,66;0,6;;;930;845,44;730,42;;;;;;;176,5987979;683,388;11773,25319;
SBBH;SBSP;740,8;1,2;9213,15;1440;1500;713,63;718,6;;750;;;150;;309,5930233;444,48;20639,53488;
SBSP;SBBH;533,376;0,8;1941,05;286;1200;845,44;730,42;;;;;;;222,9069767;640,0512;14860,46512;
SBBH;SBRJ;409,292;0,7;6717,91;1050;1000;713,63;693,41;;700;;;;;264,3350992;245,5752;17622,33994;
SBRJ;SBBH;418,552;0,7;;;960;713,63;730,42;;;;;;;230,4331783;251,1312;15362,21189;
SBBH;SBRJ;416,7;0,7;9820,96;1535;1010;713,63;693,41;;700;;;;;3824,822893;250,02;13835,40373;3672,3775
SBRJ;SBNF;816,732;1,2;2295,69;351;1570;713,63;787,13;;775;530;;;;4024,052707;490,0392;27117,3913;3672,3775
SBNF;SBGL;727,836;1,1;6120,57;799;1440;552,6;504,24;;2757,99;;;;;3979,779415;873,4032;24165,83851;3672,3775
SBGL;SBBH;424,108;0,7;;;980;845,44;730,42;;;;;;;3828,512334;763,3944;14081,36646;3672,3775
SBBH;SBRJ;412,996;0,7;8701,32;1360;1070;713,63;800,96;;1400;;;;1646,62;0;247,7976;0,01;
SBRJ;SBBH;444,48;0,7;;;1020;713,63;730,42;239,6;;;;;;0;266,688;0,01;
SBBH;SDAM;509,3;0,8;10701,52;1700;1160;713,63;485,99;;;;;;;183,146587;305,58;12209,77247;
SDAM;SDPA;364,844;0,7;;;1060;303,31;1000;;;;;;;131,1995551;218,9064;8746,637004;
SDPA;SBBH;424,108;0,7;;;990;;730,42;;;;;;;152,5111579;254,4648;10167,41053;
SBBH;SBGR;555,6;0,9;8813,02;1400;1260;713,63;502,32;;1200;;;;;314,3617021;555,6;20957,44681;
SBGR;SBBH;488,928;0,8;;;1070;845,44;730,42;;;;;;;411,6382979;586,7136;27442,55319;
SBBH;SBRJ;457,444;0,8;7437,72;1200;1110;713,63;693,41;459,5;700;;;;;212,3690722;823,3992;14157,93814;
SBRJ;SBBH;466,704;0,8;;;1080;713,63;730,42;;;;;;;261,6680412;840,0672;17444,53608;
SBBH;SBRJ;433,368;0,7;8057,53;1300;1060;713,63;693,41;;700;;;;;201,1917526;780,0624;13412,78351;
SBRJ;SBBH;438,924;0,7;;;1040;713,63;730,42;;;;;;;248,771134;790,0632;16584,74227;
SBBH;SBBR;746,356;1,1;6377,84;1029;1510;713,63;483,56;;1062,13;;;;;645;895,6272;43000;
SBBR;SBMG;1090,828;1,5;5761,59;855;1800;845,44;675,59;;;;;;;0;654,4968;0,01;
SBMG;SBMG;100,008;0,3;5425;700;430;431,43;;;;;;;;0;60,0048;0,01;
SBMG;SBBH;1009,34;1,5;9377,5;1210;1820;178,46;730,42;;;;;;;0;1090,0872;0,01;
SBBH;SBGL;377,808;0,6;11031,54;1856;970;713,63;504,24;147,06;;;;;;181,0579013;226,6848;12070,52676;
SBGL;SBPA;1235,284;1,7;;;2150;845,44;658,13;746,4;2410;;;;;591,9883343;741,1704;39465,88895;
SBPA;SNFE;1083,42;1,5;11262,55;1676;2130;845,44;;;650;600;162;;;519,2101582;1300,104;34614,01055;
SNFE;SBGL;377,808;0,6;;;950;;504,24;;4184;;;;;181,0579013;680,0544;12070,52676;
SBGL;SBBH;401,884;0,6;4275,67;700;940;845,44;730,42;;;;;;;192,5959048;723,3912;12839,72699;
SBBH;SBSP;685,24;1;3821,82;643;1400;713,63;718,6;239,6;1150;;;;498,99;0;411,144;0,01;
SBSP;SBBH;522,264;0,8;5629,2;865;1190;845,44;730,42;;;;;;;0;626,7168;0,01;
SBBH;SBBR;722,28;1,1;3978,9;684;1440;713,63;483,56;;810;;;;;0;433,368;0,01;
SBBR;SBBH;714,872;1,1;7291,6;860;1510;845,44;730,42;359,4;;;;;;37,5;428,9232;2500;
SBBH;SBIP;172,236;0,3;4892,18;841;841;713,63;756,98;;;;140;;;150,7393365;103,3416;10049,2891;
SBIP;SBBH;218,536;0,5;;;630;;730,42;;;;;;;191,2606635;131,1216;12750,7109;
SBBH;SBGL;411,144;0,7;7310,78;1230;950;713,63;504,24;;2302,59;;;;;186,1467421;493,3728;12409,78281;
SBGL;SDIM;455,592;0,7;1527,03;250;1050;845,44;485,99;;2407,88;425;;;;206,2707143;546,7104;13751,38095;
SDIM;SBGL;388,92;0,6;;;1020;252,97;504,24;;;;;;;176,0847561;700,056;11738,98374;
SBGL;SBBH;418,552;0,7;6340,12;863;1010;845,44;730,42;;;;;;;189,5007375;753,3936;12633,3825;
SBBH;SBSP;724,132;1,1;3996,35;687;1580;713,63;718,6;;;900,9;;200;;443,6508551;1303,4376;29576,72367;
SBSP;SBTV;1257,508;1,8;11726,16;1830;2230;845,44;3264;;1510;;;200;;509,9461141;754,5048;33996,40761;
SBTV;SBBH;729,688;1,1;3695,8;340;1360;;730,42;;;;;;;295,9039307;437,8128;19726,92872;
SBBH;SBTV;757,468;1,2;10223,2;1720;1450;713,63;3264;;;;;;;0;454,4808;0,01;
SBTV;SBBH;775,988;1,2;;;1580;;730,42;;;;;;;0;931,1856;0,01;
SBBH;SBPS;657,46;1;10282,65;1730;1380;713,63;544,21;560;2623,16;;;;;258,694475;788,952;17246,29834;
SBPS;SBBH;744,504;1,1;;;1400;552,6;730,42;;;;;;;292,9441661;893,4048;19529,61107;
SBBH;SBSJ;518,56;0,8;4240,67;729;1170;713,63;688,42;199,74;;858,9;;;;211,6935484;311,136;14112,90323;
SBSJ;SBCB;414,848;0,7;8651,36;998;1000;845,44;569,94;280;;;;;;169,3548387;248,9088;11290,32258;
SBCB;SBBH;444,48;0,7;;;1070;431,43;730,42;199,73;;;;;;181,4516129;266,688;12096,77419;
SBBH;SSBZ;418,552;0,7;7132,46;1200;1010;713,63;1725;;;;;;;177,9830062;251,1312;11865,53374;
SSBZ;SBBH;459,296;0,7;;;1020;;730,42;;;;;;;195,3087855;551,1552;13020,5857;
SBBH;SBJF;277,8;0,5;5465,165;879;690;713,63;388,09;499;;;;;;94,79843322;166,68;6319,895548;
SBJF;SBBH;262,984;0,5;;;650;;730,42;359,4;;;;;;89,74251678;157,7904;5982,834452;
SBBH;SBTV;624,124;1;5465,165;1000;1230;713,63;3264;840;;;;;;210,2079208;374,4744;14013,86139;
SBTV;SBGR;1246,396;1,7;8696;800;2040;;502,32;;600;;;;;419,7920792;747,8376;27986,13861;
SBGR;SBTV;1118,608;1,6;12473,07;1850;1980;845,44;3264;;;;;;;620,61;671,1648;41374;
SBTV;SBBH;733,392;1,1;;;1380;;730,42;;;;;;;406,89;440,0352;27126;
SBBH;SSBZ;420,404;0,7;12692,91;2182;1010;713,63;2622;490;;;;;;255,9730679;504,4848;17064,87119;
SSBZ;SBRF;1714,952;2,3;1996;200;2970;;719,86;;722;;;;;1044,189696;2057,9424;69612,64637;
SBRF;SBBH;1818,664;2,6;14538,28;1901;2890;713,63;730,42;;;;;;;1107,337237;3273,5952;73822,48244;
SBBH;SBRJ;411,144;0,7;6005,07;1101;1010;759,8;693,41;280;700;;;;;185,7939914;246,6864;12386,26609;
SBRJ;SBBH;451,888;0,7;;;1050;759,8;730,42;;;;;;;204,2060086;271,1328;13613,73391;
SBBH;SSBZ;401,884;0,6;8181,3;1500;940;759,8;1725;950;;;;;;170,8951873;241,1304;11393,01249;
SSBZ;SBBH;461,148;0,8;;;1110;;730,42;;;;;;;196,096321;276,6888;13073,08806;
SBBH;SBTV;696,352;1,2;7046,83;1292;1390;759,8;3264;;;;;;277,2;216;417,8112;14400;
SBTV;SBBH;733,392;1,1;;;1510;;730,42;;;;;;;0;880,0704;0,01;
SBBH;SBRJ;409,292;0,7;7363,17;1350;1030;759,8;693,41;280;700;;;;;380,8125;245,5752;25387,5;
SBRJ;SBPS;874,144;1,3;6529,33;1150;1720;759,8;544,21;;2017,82;;;;;343,9543443;524,4864;22930,28962;
SBPS;SBBH;727,836;1,1;;;1390;588,36;730,42;;;;;;;286,3857146;436,7016;19092,38097;
SBBH;SBTV;661,164;1;7968,59;1461;1340;759,8;3264;;;;;;;97,62466488;396,6984;6508,310992;
SBTV;SBBH;720,428;1,2;;;1320;;730,42;;;;;;;106,3753351;432,2568;7091,689008;
SBBH;SBRJ;390,772;0,7;10095,72;1851;970;759,8;693,41;466,5;800;;;;;774,4408724;468,9264;18796,05816;500
SBRJ;SDIM;429,664;0,7;;;1100;759,8;485,99;;500;;;;;802,5013384;515,5968;20666,75589;500
SDIM;SNMX;972,3;1,4;6277,9;670;1880;269,34;;;200;792,48;170;;;1194,011649;1750,14;46767,44329;500
SNMX;SBVT;224,092;0,3;;;670;;833,58;500;1949;848,4;;;;654,1817325;403,3656;10778,78217;500
SBVT;SBGL;505,596;0,8;9461,02;1399;1210;759,8;504,24;;2354,94;;;;;857,2860577;606,7152;24319,07051;500
SBGL;SBBH;416,7;0,7;;;970;900,15;730,42;;;;;;;793,1478497;500,04;20043,18998;500
SBBH;SBSP;731,54;1,2;4445,17;815;1420;759,8;730,68;350;750;703,5;;;;280,9267241;438,924;18728,44828;
SBSP;SBBH;557,452;0,9;6906,49;890;1210;900,15;730,42;;;;;;;214,0732759;668,9424;14271,55172;
SBBH;SBRJ;414,848;0,7;5912,35;1084;1090;759,8;693,41;280;700;;;;;183,0515021;248,9088;12203,43348;
SBRJ;SBBH;448,184;0,8;;;1000;759,8;730,42;;;;;;;197,7609979;268,9104;13184,06652;
SBBH;SBTV;685,24;1;8678,18;1600;1400;759,8;3264;280;;;;;;306,8166752;1233,432;20454,44502;
SBTV;SBBH;709,316;1,1;;;1370;;730,42;;;;;;;560,5967206;1276,7688;37373,11471;
SBBH;SBGR;572,268;0,9;9028,13;1600;1300;759,8;502,32;360;600;;;;;22,5;343,3608;1500;
SBGR;SBBH;518,56;0,8;;;1200;900,15;730,42;;;;;;;0;622,272;0,01;
SBBH;SBSP;716,724;1,2;3633,99;670;1390;;730,68;239,6;1300;;;;;0;430,0344;0,01;
SBSP;SBBH;553,748;0,8;4925,7;800;1150;900,15;730,42;;;;;;2193,84;0;332,2488;0,01;
SBBH;SBGR;627,828;1;6237,45;1150;1340;759,8;502,32;180,84;600;;;;;4411,146611;376,6968;21293,26123;4154,058571
SBGR;SBRJ;375,956;0,6;1860,02;287;930;900,15;734,57;300;;1904,7;;;;4283,010172;225,5736;12750,83195;4154,058571
SBRJ;SNXB;335,212;0,5;2271,07;400;790;759,8;;;;;;;;156,0513514;201,1272;10403,42342;
SNXB;SBBH;272,244;0,5;;;690;;730,42;;;;;;;126,7378378;163,3464;8449,189189;
SBBH;SBRJ;420,404;0,7;5749,3;1060;1010;759,8;866;;2000;;;;;218,2108108;252,2424;14547,38739;
SBRJ;SBBH;416,7;0,7;2958,07;521;930;759,8;730,42;610,5;;;;;;4303,738125;250,02;14132,69551;4154,058571
SBBH;SBFL;1092,68;1,6;6508,63;1200;1920;759,8;659,42;;1350;1383,76;;;;4647,633716;1632,330122;37059,06822;4154,058571
SBFL;SBPA;468,556;0,7;3047,92;441;1090;900,15;658,13;486;;;;;;4330,119157;843,4008;15891,43095;4154,058571
SBPA;SBMG;766,728;1,2;4449,92;688;1340;900,15;675,59;;1510;953,72;225;;;0;1380,1104;0,01;
SBMG;SBPA;781,544;1,2;5910;788;1390;459,35;658,13;;990;;;;;0;468,9264;0,01;
SBPA;SBGR;987,116;1,4;7955,52;1230;1820;900,15;502,32;;600;;;;;4593,929473;592,2696;33478,78536;4154,058571
SBGR;SBBH;483,372;0,7;4342,2;670;1060;900,15;730,42;;;;;;;4337,656595;290,0232;16393,92679;4154,058571
SBBH;SBRJ;568,564;1,2;6617,12;1220;1450;759,8;693,41;230;700;;;;;209,9100081;341,1384;13994,00054;
SBRJ;SBSP;579,676;1;1305,87;230;1280;759,8;730,68;;750;;;;;214,0124838;347,8056;14267,49892;
SBSP;SBBH;568,564;0,9;4833,59;798;1130;900,15;730,42;;;;;;;209,9100081;468,2291765;13994,00054;
SBBH;SNLL;838,956;1,2;4393,33;810;1550;759,8;1500;150;;834,29;400;;;411,9995709;510,3649;27466,63806;
SNLL;SBBH;613,012;0,9;5513,04;741;1210;;730,42;;;;;;;301,0416291;1103,4216;20069,44194;
SBBH;SBFL;1057,492;1,5;7159,51;1320;1890;759,8;659,42;;800;;;;;0;634,4952;0,01;
SBFL;SBJH;542,636;0,8;3123,93;452;1160;900,15;2559,4;;;;;;;0;325,5816;0,01;
SBJH;SBBH;572,268;0,9;4146,82;600;1070;459,35;730,42;;;;;;;0;343,3608;0,01;
SBBH;SBTV;668,572;1;8220,46;1524;1330;759,8;;330;;;;;;299,3535669;401,1432;19956,90446;
SBTV;SBBH;742,652;1,1;;;1420;;730,42;;;;;;;332,5229372;445,5912;22168,19582;
SBBH;SBBR;809,324;1,2;5161,93;951;1550;759,8;483,56;140;795,54;;;;;392,7762983;485,5944;26185,08655;
SBBR;SBBH;581,528;0,9;5377,14;856;1200;900,15;730,42;;;;;;;282,2237017;348,9168;18814,91345;
SBBH;SBSP;698,204;1,1;3562,28;660;1370;759,8;730,68;245;1850;;;200;;386,6017504;418,9224;25773,45003;
SBSP;SBBH;540,784;0,8;4559,65;774;1070;900,15;730,42;;;1496,24;;200;;299,4368996;973,4112;19962,45997;
SBBH;SBBI;966,744;1,3;5213,89;966;1700;759,8;631,92;165;760;;;;3666,09;0;1145,59164;0,01;
SBBI;SBSP;418,552;0,7;4706,68;735;970;759,8;730,68;;750;;;;;0;251,1312;0,01;
SBSP;SBBH;527,82;0,9;3375,55;573;1230;900,15;730,42;;;;;;;0;633,384;0,01;
SBBH;SBTV;633,384;0,9;7561,76;1401;1360;759,8;3264;135,56;;;;;;413,5966313;380,0304;27573,10875;
SBTV;SBBH;777,84;1;;;1410;;730,42;280;;;;;;459,8499288;466,704;30656,66192;
SBBH;SBTC;720,428;1,1;7286,49;1350;1390;759,8;720,06;245;;2940;;;;425,9086246;432,2568;28393,9083;
SBTC;SBRF;900,072;1,2;3802,86;437;1600;;719,86;;722;;;;;529,8681542;1008,08064;35324,54361;
SBRF;SBSV;746,356;1,1;5322,84;903;1450;759,8;573,39;;600;3723,7;;;;439,3762677;895,6272;29291,75118;
SBSV;SBBH;1092,68;1,6;9248,77;1441;2010;759,8;730,42;;;;;;;643,2555781;1966,824;42883,70521;
SBBH;SBTV;661,164;1;7556,37;1400;1220;759,8;3264;280;;;;;;369,1938;396,6984;24612,92;
SBTV;SBBH;729,688;1,1;;;1420;;730,42;;;;;;;476,4826688;437,8128;31765,51125;
SBBH;SBTC;822,288;1,2;8635,84;1600;1380;759,8;720,07;600;;;;;;486,1270676;493,3728;32408,47117;
SBTC;SBBH;801,916;1,2;;;1500;459,35;730,42;;;;;;;474,083379;481,1496;31605,5586;
SBBH;SBRJ;485,224;0,9;7556,37;1400;1110;759,8;725,89;75;700;;;;;223,2048682;291,1344;14880,32454;
SBRJ;SBBH;409,292;0,7;1752,34;310;900;759,8;730,42;;;;;;;0;245,5752;0,01;
SBBH;SBRJ;422,256;0,7;7286,49;1350;1050;759,8;725,89;280;700;;;;;0;253,3536;0,01;
SBRJ;SBBH;427,812;0,8;2261,09;400;990;759,8;730,42;;;;;;;196,7951318;256,6872;13119,67546;
SBBH;SBGR;581,528;1;4172,18;773;1150;759,8;502,32;;600;;;;;0;679,4695579;0,01;
SBGR;SBBH;488,928;0,7;14375,4;1809;1070;900,15;730,42;;600;;;;;0;586,7136;0,01;
SBBH;SBMG;1013,044;1,4;;;1710;759,8;675,59;;;247,2;;;;0;1823,4792;0,01;
SBMG;SBBH;987,116;1,4;6408;801;1620;459,35;730,42;;;;;;;0;1776,8088;0,01;
SBBH;SBCP;416,7;0,7;7507,8;1300;1030;759,8;588,95;240;;;;;1196,6;191,6759465;250,02;12778,39644;
SBCP;SBBH;414,848;0,7;;;990;459,35;730,42;;;;;;;190,8240535;248,9088;12721,60356;
SBBH;SBBR;785,248;1,2;11419,74;1947;1580;759,8;483,56;335,4;860;;;;;180;471,1488;12000;
SBBR;SBPS;987,116;1,3;8110,37;945;1880;900,15;544,21;;2017,82;;;;;22,5;592,2696;1500;
SBPS;SBBH;748,208;1,3;;;1530;588,36;730,42;;;;;;;597,195;866,2351775;39813;
SBBH;SBBR;759,32;1,2;11542,91;1968;1570;759,8;483,56;59,9;860;;;;;0;455,592;0,01;
SBBR;SBBH;696,352;1,1;;;1460;900,15;730,42;;;;;;;0;417,8112;0,01;
SBBH;SBGR;531,524;0,8;8217,25;1401;1210;759,8;3140,23;;600;;;;;0;318,9144;0,01;
SBGR;SBBH;513,004;0,7;;;1150;900,15;730,42;;;;;;;0;615,6048;0,01;
SBBH;SBSP;675,98;1,2;7038,36;1200;1410;759,8;730,68;350;875;;;600;;302,7802923;405,588;20185,35282;
SBSP;SBPG;474,112;0,7;;;1150;900,15;725,58;;;655,48;;;;212,3609722;284,4672;14157,39814;
SBPG;SBMG;316,692;0,6;6442,37;768;840;403,55;675,59;;1100;494,4;;;;141,8504931;190,0152;9456,699542;
SBMG;SBFI;405,588;0,7;4520;565;1020;459,35;730,05;;1460;1199,1;;;148,47;181,6681754;730,0584;12111,21169;
SBFI;SBSP;922,296;1,3;6963,37;759;1680;900,15;730,68;706,5;875;;;400;;413,1084537;553,3776;27540,56358;
SBSP;SBBH;518,56;0,8;8502,24;1030;1090;900,15;763,34;;;;;;;232,2698133;311,136;15484,65422;
SBBH;SBBR;698,204;1;5278,77;900;1360;759,8;483,56;225;860;;;;;314,1666667;418,9224;20944,44444;
SBBR;SBBH;635,236;1;3833,63;566;1340;900,15;763,34;;;;;;;285,8333333;381,1416;19055,55556;
SBBH;SBSP;711,168;1,1;4258,21;726;1360;759,8;730,68;299,5;750;;;;;0;426,7008;0,01;
SBSP;SBBH;538,932;0,8;5394,32;800;1150;900,15;763,34;;;;;;;0;323,3592;0,01;
SBBH;SBDB;1520,492;2;7624,89;1300;2540;759,8;296,43;915;;;;;;713,6443899;912,2952;47576,29266;
SBDB;SBBH;1244,544;1,7;13400,64;1350;2010;403,55;763,34;;;;;;;584,1279294;746,7264;38941,86196;
SBBH;SBRJ;392,624;0,7;3753,79;640;970;759,8;725,89;359,4;700;;;;;0;235,5744;0,01;
SBRJ;SBBH;474,112;0,7;4459,12;553;1080;759,8;763,34;;;;;;;0;284,4672;0,01;
SBBH;SBDB;1492,712;2;10868,4;1853;2550;759,8;296,43;375;;;;;;700,60582;2686,8816;46707,05467;
SBDB;SBBH;1363,072;1,9;8437,44;850;2430;403,55;763,34;;;;;;;639,7591607;2453,5296;42650,61071;
SBBH;SBRJ;448,184;0,8;7918,16;1350;1080;759,8;725,89;239,6;700;;;;;0;806,7312;0,01;
SBRJ;SBBH;446,332;0,7;;;1110;759,8;763,34;;;;;;;0;803,3976;0,01;
SBBH;SBBR;764,876;1,1;5213,6;931;1500;759,8;483,56;375;1010;;;;;343,2364865;458,9256;22882,43243;
SBBR;SBBH;605,604;0,9;6057,82;898;1350;900,15;763,34;;;;;;;271,7635135;363,3624;18117,56757;
SBBH;SBSP;688,944;1;5241,51;900;1420;759,8;730,68;300;1300;1260;;600;;315,1780991;826,7328;21011,87327;
SBSP;SBBH;533,376;0,8;4270,7;519;1200;900,15;763,34;;;1630;;400;;244,0088509;640,0512;16267,25673;
SBBH;SBJP;1703,84;2,3;8176;1460;2860;759,8;591,67;359,4;;;;;4797,38;0;1022,304;0,01;
SBJP;SBBH;1820,516;2,5;13122,42;1632;3020;588,36;763,34;;;;;;;0;3276,9288;0,01;
SBBH;SNLA;1663,096;2,2;10080;1800;2640;759,8;;400;;;;;1541,9;876,2298363;997,8576;58415,32242;
SNLA;SBCJ;85,192;0,2;;;310;;816,55;;;;;;;44,88482458;51,1152;2992,321638;
SBCJ;SNLA;70,376;0,2;19738,07;2070;310;403,55;;;;;;;;37,07876813;42,2256;2471,917875;
SNLA;SBBH;1685,32;2,3;;;2780;;763,34;;;;;;;887,938921;1011,192;59195,92807;
SBBH;SBGR;577,824;0,8;8400;1500;1260;759,8;510,99;300;600;;1002,32;;;285,0471204;1040,0832;19003,14136;
SBGR;SBBH;483,372;0,7;;;1040;900,15;763,34;;;;;;;238,4528796;870,0696;15896,85864;
SBBH;SBIP;179,644;0,4;3724;665;560;759,8;779,94;375;;;100;;;122,2465753;107,7864;8149,771689;
SBIP;SBBH;225,944;0,5;;;680;;763,34;;;;;;;153,7534247;135,5664;10250,22831;
SBBH;SBRJ;416,7;0,7;5600;1000;1020;759,8;725,89;;700;;;;;0;250,02;0,01;
SBRJ;SBBH;466,704;0,8;;;1040;759,8;763,34;;;;;;;0;280,0224;0,01;
SBBH;SBFL;1150,092;1,6;8400;1500;2070;759,8;659,42;114,84;1300;1212,16;105,5;;591,38;0;690,0552;0,01;
SBFL;SBBH;970,448;1,3;7928,55;900;1790;900,15;763,34;240;;;;;;0;1746,8064;0,01;
SBBH;SBJH;651,904;1;10774,4;1924;1420;759,8;2823,4;100;;766;;;;319,8707593;391,1424;21324,71729;
SBJH;SBRF;2168,692;3;5933,7;855;3570;459,35;719,86;1346,04;722;;;;;1064,115509;1999,073631;70941,03393;
SBRF;SBBH;1764,956;2,5;10032,52;1620;2900;759,8;763,34;;;;;;;866,0137318;1058,9736;57734,24879;
SBBH;SBGR;700,056;1,1;8394,4;1499;1520;759,8;4170,97;225;630;;;;;295,826087;420,0336;19721,73913;
SBGR;SNMX;872,292;1,3;9034,35;1300;1650;900,15;;;;;;;;368,6086957;1046,7504;24573,91304;
SNMX;SBBH;557,452;0,8;;;1270;;763,34;;;;;;;235,5652174;668,9424;15704,34783;
SBBH;SBSJ;544,488;0,8;6384;1140;1190;759,8;;225;;;;;632,5;0;980,0784;0,01;
SBSJ;SBBH;442,628;0,7;;;1010;900,15;763,34;;;;;;;0;796,7304;0,01;
SBBH;SBGR;677,832;1;8960;1600;1510;759,8;3070,97;;600;;;;897,94;0;1220,0976;0,01;
SBGR;SBBH;490,78;0,7;;;1110;900,15;763,34;;600;;;;;0;294,468;0,01;
SBBH;SBMO;1455,672;2;8800,87;1530;2410;759,8;690,11;119,8;3400;;;;4429,32;815,9684895;2620,2096;54397,8993;
SBMO;SBBH;1566,792;2,2;9421,5;1250;2620;759,8;763,34;;;;;;;878,2561605;2820,2256;58550,4107;
SBBH;SBKP;624,124;0,9;5752,2;1000;1340;759,8;472,75;290;1306;;;;;251,3344808;374,4744;16755,63205;
SBKP;SBJH;68,524;0,2;;;310;900,15;;;;;;;;27,59458691;41,1144;1839,639127;
SBJH;SBCX;890,812;1,2;7249;1100;1860;459,35;;;;;;;;358,7296298;534,4872;23915,30866;
SBCX;SSSC;155,568;0,3;9455;1000;540;;;;;;;;;62,64717028;93,3408;4176,478019;
SSSC;SBJH;853,772;1,2;;;1580;;719;;;;;;;343,8136369;512,2632;22920,90913;
SBJH;SBBH;548,192;0,9;7479,95;1055;1160;459,35;763,34;;;;;;;220,7566953;328,9152;14717,11302;
SBBH;SBSM;1824,22;2,5;7938,04;1380;3000;759,8;;350;;;;;;799,5509341;1094,532;53303,39561;
SBSM;SBCX;246,316;0,4;13312;1300;730;900,15;;;;;;;;107,9596693;147,7896;7197,311285;
SBCX;SBJH;696,352;1;1031,97;183;1260;;;;;;;;;305,2092906;417,8112;20347,28604;
SBJH;SBSM;1207,504;1,6;6260,5;950;2120;;;;;;;;;529,2458975;782,462592;35283,05983;
SBSM;SBJH;853,772;1,3;13824;1350;1590;900,15;;;;722;;;;374,2060717;1024,5264;24947,07145;
SBJH;SBSM;1200,096;1,7;7908;1200;2150;;;;;;240;;;525,9989902;720,0576;35066,59934;
SBSM;SBBH;1307,512;1,8;13312;1300;2160;900,15;763,34;;;;;;;573,0791467;784,5072;38205,27645;
SBBH;SNPD;392,624;0,6;8915,91;1550;970;;;299,5;;293,16;120;;;184,591029;235,5744;12306,0686;
SNPD;SBBH;309,284;0,6;;;810;;763,34;;;;;;;145,408971;185,5704;9693,931398;
SBBH;SBVG;279,652;0,5;2306,63;401;780;759,8;;119,8;;;;;;152,7214984;167,7912;10181,43322;
SBVG;SBBH;288,912;0,5;;;780;403,55;763,34;;;;;;;157,7785016;173,3472;10518,56678;
SBBH;SBIP;168,532;0,3;3462,82;602;510;759,8;;;;272,95;200;;;111,6266667;101,1192;7441,777778;
SBIP;SBBH;248,168;0,5;;;730;;763,34;;;;;;;164,3733333;297,8016;10958,22222;
SBBH;SBUL;572,268;0,8;10957,94;1905;1230;759,8;600,57;299,5;700;;;;;244,806338;343,3608;16320,42254;
SBUL;SBBH;479,668;0,7;;;1070;759,8;763,34;;;;;;;205,193662;287,8008;13679,57746;
SBBH;SBGV;251,872;0,5;1610,62;280;660;759,8;;59,9;445;590;;;;163,2;151,1232;10880;
SBGV;SBBH;303,728;0,5;;;850;403,55;763,34;;;;;;;196,8;546,7104;13120;
SBBH;SBSP;685,24;1;7270,78;1264;1490;759,8;730,68;299,5;1525;1995;;200;271,43;0;411,144;0,01;
SBSP;SBBH;575,972;0,9;3369,76;401;1300;900,15;763,34;;;;;600;;0;691,1664;0,01;
SBBH;SBUL;590,788;0,9;4239,37;737;1260;;600,57;479,2;900;;;;1787;258,1834532;354,4728;17212,23022;
SBUL;SBRJ;668,572;1;4652,29;634;1360;759,8;;;700;;;;;975,5004931;427,0234065;15783,36621;750
SBRJ;SBGV;492,632;0,8;8411,56;1400;1140;759,8;;;;;;;987,86;913,1977318;591,1584;11629,84878;750
SBGV;SBGL;751,912;1,3;1331,45;155;1700;403,55;504,24;960,15;3116;;;;;1005,012327;1353,4416;17750,82183;750
SBGL;SBUL;903,776;1,3;9168,56;1503;1790;900,15;600,57;;700;;;;;1058,789448;1626,7968;21335,96318;750
SBUL;SBBH;438,924;0,7;1174,1;160;990;759,8;763,34;;;;;;;191,8165468;790,0632;12787,76978;
SBBH;SBPS;624,124;1;12125,78;2081;1310;759,8;544,21;590;;;;;;569,8833;374,4744;37992,22;
SBPS;SBJP;1131,572;1,5;;;1940;588,36;591,67;;;1300;;;;408,2753165;678,9432;27218,35443;
SBJP;SBRJ;2196,472;3;18851,08;1930;3520;588,36;;;700;;;;;792,4951315;1910,190256;52833,00876;
SBRJ;SBBH;475,964;0,8;5064,97;843;1120;759,8;763,34;;;;;;;171,7295521;571,1568;11448,63681;
SBBH;SBMK;409,292;0,7;6039,71;1050;960;759,8;600,57;359,4;425;;;;740,5;205,7318501;736,7256;13715,45667;
SBMK;SBBH;381,512;0,6;2892;155;930;403,55;763,34;;;;;;;191,7681499;686,7216;12784,54333;
SBBH;SDPA;377,808;0,6;5359,09;1000;900;759,8;1000;299,5;;;;;;0;680,0544;0,01;
SDPA;SBBH;455,592;0,7;;;1060;;763,34;;;;;;;0;820,0656;0,01;
SBBH;SBUL;620,42;0,8;7813,76;1450;1350;759,8;600,57;179,7;700;;;;;307,3368049;1116,756;20489,12033;
SBUL;SBBH;459,296;0,8;;;980;759,8;763,34;;;;;;;194,2075451;826,7328;12947,16967;
SBBH;SBGL;368,548;0,6;6162,95;1150;900;759,8;504,24;75;800;;;;;157,8605769;294,8384;10524,03846;
SBGL;SBBH;401,884;0,6;;;980;900,15;763,34;;;;;;;172,1394231;241,1304;11475,96154;
SBBH;SBIP;177,792;0,4;3638,82;679;530;759,8;;600;;242,05;100;;;117,2389381;106,6752;7815,929204;
SBIP;SBBH;240,76;0,5;;;700;;763,34;;;242,05;;;;158,7610619;144,456;10584,0708;
SBBH;SBGV;255,576;0,5;4823,18;900;720;759,8;;119,8;545;350;;;;188,0769242;153,3456;12538,46162;
SBGV;SBBH;294,468;0,5;;;850;403,55;763,34;;;;;;;216,6973258;353,3616;14446,48838;
SBBH;SBMK;409,292;0,6;9437,35;1761;930;759,8;600,57;359,4;425;;;;;1514,440778;245,5752;11218,27411;1366,666667
SBMK;SNGI;370,4;0,7;1551,05;170;1100;403,55;;;;;;;;1498,450931;444,48;10152,28426;1366,666667
SNGI;SBBH;679,684;1;;;1320;;763,34;;;;;;;1625,608291;815,6208;18629,44162;1366,666667
SBBH;SNSS;472,26;0,7;6436,27;1201;1000;759,8;;375;;;;;;3268,006772;283,356;17512,64591;3051,083333
SNSS;SBCF;431,516;0,7;;;980;;519,53;;;;;;;3245,343348;258,9096;16001,75097;3051,083333
SBCF;SBBH;48,152;0,1;;;230;900,15;763,34;;;;;;;3032,10113;28,8912;1785,603113;3051,083333
SBBH;SBUL;600,048;0,9;8842,5;1650;1250;759,8;600,57;175;700;;;;;199,6593186;360,0288;13310,62124;
SBUL;SBGO;324,1;0,5;;;820;759,8;668;119,8;800;;;;;107,8406814;194,46;7189,378758;
SBGO;SBGR;931,556;1,4;7491,99;1160;1760;759,8;502,32;;600;;;;300;436,407455;868,7040289;29093,83033;
SBGR;SBBH;509,3;0,8;;;1050;900,15;763,34;;;;;;;261,092545;611,16;17406,16967;
SBBH;SBMK;414,848;0,6;5573,35;1040;970;759,8;600,57;160;425;;;;;176,516129;248,9088;11767,74194;
SBMK;SBBH;400,032;0,7;;;920;403,55;763,34;658,9;;;;;;284,3265306;240,0192;18955,10204;1251,685
SBBH;SBMK;422,256;0,7;5900,37;1101;1010;759,8;600,57;299,5;425;;;;;152,3385301;253,3536;10155,902;
SBMK;SBBH;388,92;0,6;;;950;403,55;763,34;;;;;;;165,483871;233,352;11032,25806;
SBBH;SBMK;416,7;0,7;5627,04;1050;1010;759,8;600,57;479,2;425;;;;;296,1734694;500,04;19744,89796;1251,685
SBMK;SBBH;398,18;0,7;;;940;403,55;763,34;;;;;;;139,8795181;477,816;9325,301205;
SBBH;SBPL;1298,252;1,8;9501,67;1773;2370;759,8;586,82;;;;;;;456,0722892;1557,9024;30404,81928;
SBPL;SBJU;305,58;0,5;;;820;403,55;855,22;232;;690;100;;;107,3493976;366,696;7156,626506;
SBJU;SBPL;290,764;0,5;13235,65;1430;750;403,55;586,82;;;;;;;102,1445783;174,4584;6809,638554;
SBPL;SBPS;851,92;1,3;4190,1;454;1660;403,55;544,21;;2017,82;;;;;299,2771084;511,152;19951,80723;
SBPS;SBMK;544,488;0,8;;;1030;588,36;600,57;;425;;;;;191,2771084;326,6928;12751,80723;
SBMK;SBBH;409,292;0,7;10118,29;1109;1020;403,55;763,34;;;;;;;147,6614699;245,5752;9844,097996;
SBBH;SDAM;555,6;0,9;3060,04;571;1330;759,8;;700;;;;;;0;333,36;0,01;
SDAM;SBJD;83,34;0,2;13024,8;1608;320;;485,99;;;;;;;0;50,004;0,01;
SBJD;SBNF;598,196;1;;;1310;588,36;668;;2325;1980;66,83;;1290,41;0;717,8352;0,01;
SBNF;SDAM;546,34;0,9;11453,43;1330;1170;588,36;485,99;;;;;;;0;983,412;0,01;
SDAM;SBBH;527,82;0,8;;;1200;;763,34;;;;;;;0;950,076;0,01;
SBBH;SSBZ;425,96;0,7;6778,94;1220;1010;759,8;1725;299,5;;;;;;164,59375;255,576;10972,91667;
SSBZ;SBSP;640,792;1;;;1270;;730,68;;1913,6;;;;;94,32843984;384,4752;6288,562656;
SBSP;SBBH;533,376;0,8;5492,89;910;1190;900,15;763,34;920;;;;;;59,78783432;320,0256;3985,855621;
SBBH;SBKG;1679,764;2,3;8890,41;1600;2770;759,8;1201,39;239,6;;1050;53,84;;;188,2901588;1007,8584;12552,67725;
SBKG;SBRF;166,68;0,4;2697;300;550;403,55;719,86;542,36;722;396,9;53,85;;;18,68369822;100,008;1245,579882;
SBRF;SBGR;2163,136;3;11529;1830;3658;759,8;502,32;520;600;;;;;242,4728836;1297,8816;16164,85891;
SBGR;SSBZ;450,036;0,7;8009,24;1300;1000;900,15;2622;;;;;;;50,44598521;540,0432;3363,06568;
SSBZ;SBBH;463;0,7;;;1150;;763,34;;;;;;;178,90625;555,6;11927,08333;
SBBH;SBGR;640,792;1,1;8811,2;1600;1330;759,8;502,32;119,8;600;;;;;288,7191912;1153,4256;19247,94608;
SBGR;SBBH;492,632;0,7;;;1090;900,15;763,34;;;;;;;221,9633088;886,7376;14797,55392;
SBBH;SBSP;744,504;1,2;3546,51;644;1580;759,8;730,68;599;1914;1734,6;;200;557,4;0;446,7024;0,01;
SBSP;SBBH;561,156;0,9;7932,97;946;1190;900,15;763,34;;;;;200;;0;673,3872;0,01;
SBBH;SWGN;1590,868;2,1;8535,85;1550;2750;759,8;447,59;600;350;;;;;741,9611993;954,5208;49464,07995;
SWGN;SBBH;1427,892;2;10140;1300;2290;269,34;763,34;;;;;;;434,1789038;856,7352;28945,26025;
SBBH;SBGV;246,316;0,5;3612,59;656;650;759,8;447,64;239,6;395;;;;;74,89726875;295,5792;4993,15125;
SBGV;SBBH;296,32;0,5;;;830;403,55;763,34;;;;;;;90,10197744;355,584;6006,798496;
SBBH;SBFL;1176,02;1,7;11685,85;2122;2000;759,8;659,42;119,8;650;;;;;395,6538462;705,612;26376,92308;
SBFL;SNDV;907,48;1,3;;;1510;900,15;435,43;;;;;;;305,3076923;544,488;20353,84615;
SNDV;SBBH;114,824;0,3;;;360;;763,34;;;;;;;38,63076923;68,8944;2575,384615;
SBBH;SWGN;1533,456;2,1;12390,75;2250;2510;759,8;447,59;479,2;;;;;;515,9076923;2760,2208;34393,84615;
SWGN;SBBH;1546,42;2,1;6708;860;2550;269,34;763,34;;350;;;;;721,2312007;2783,556;48082,08005;
SBBH;SSOL;235,204;0,4;6883,75;1250;680;759,8;;325;;;;;;94,34285714;141,1224;6289,52381;
SSOL;SBIP;311,136;0,5;;;710;;751,24;;;;;;;124,8;186,6816;8320;
SBIP;SBBH;231,5;0,4;;;650;;763,34;;;;;;;92,85714286;138,9;6190,47619;
SBBH;SBGR;600,048;0,9;5033,12;918;1290;759,8;528,29;825;800;;;;;349,9417637;360,0288;23329,45092;
SBGR;SBBH;513,004;0,8;5675,52;800;1090;900,15;763,34;;;;;;;235,0582363;307,8024;15670,54908;
SBBH;SBRJ;411,144;0,7;10038,82;1831;1000;759,8;725,89;;700;;;;;183,2669789;246,6864;12217,79859;
SBRJ;SSCN;1222,32;1,7;;;2190;759,8;;702,63;700;;;;;544,8477752;733,392;36323,18501;
SSCN;SBMG;738,948;1;6322,05;567;1360;;675,59;;;;;;;329,3852459;443,3688;21959,01639;
SBMG;SBBH;866,736;1,2;6795;906;1480;459,35;763,34;;;494,4;;;;0;520,0416;0,01;
SBBH;SDAM;555,6;0,9;9046,46;1650;1220;759,8;485,99;550;;;;;;176,5427054;333,36;11769,51369;
SDAM;SBNF;637,088;1,1;;;1500;;668;;900;;;;;202,4356355;382,2528;13495,70903;
SBNF;SBBH;911,184;1,3;9735,55;1100;1640;588,36;763,34;;;;;;;289,5300368;546,7104;19302,00245;
SBBH;SBUL;596,344;0,9;9885,31;1803;1350;759,8;600,57;1038,4;860;;;;;227,0146858;357,8064;15134,31239;
SBUL;SBJU;1624,204;2,2;3925,09;560;2710;759,8;730,54;;;1105,66;220;;;618,2977623;981,8496361;41219,85082;
SBJU;SBUL;1789,032;2,4;15064,14;1590;3130;403,55;600,57;;860;;;;;681,0440575;2146,8384;45402,93716;
SBUL;SBBH;457,444;0,7;5584,36;828;1040;759,8;763,34;;;;;;;174,1385944;548,9328;11609,23963;
SBBH;SBGV;250,02;0,5;3190,93;582;714;759,8;532,66;300;395;1124,76;;;;164,7457627;150,012;10983,05085;
SBGV;SBBH;296,32;0,5;;;860;;763,34;;285;;;;;195,2542373;533,376;13016,94915;
SBBH;SBBI;1059,344;1,5;8224,05;1500;1910;759,8;668;359,4;380;;;;;336,6080915;635,6064;22440,53944;
SBBI;SBNF;338,916;0,7;;;890;759,8;668;;900;;;;;107,6910503;203,3496;7179,403351;
SBNF;SDAM;522,264;0,9;14160,8;1600;1340;588,36;485,99;;;;;;;165,950143;313,3584;11063,34287;
SDAM;SBBH;507,448;0,8;;;1180;;763,34;;;;;;;161,2423376;304,4688;10749,48917;
SBBH;SNGX;416,7;0,7;5488,18;1001;1040;759,8;;179,7;;;;;;194,7115385;474,3969231;12980,76923;
SNGX;SBBH;353,732;0,6;;;910;;763,34;;;;;;;165,2884615;424,4784;11019,23077;
SBBH;SSCN;1492,712;2;11552,05;2107;2420;759,8;;;700;;;;;762,240565;2686,8816;50816,03767;
SSCN;SBRJ;988,968;1,4;8596,65;771;1710;;725,89;;700;;;;;410,5973471;1780,1424;27373,15647;
SBRJ;SBFZ;2244,624;3;9592,9;1600;3580;759,8;573,39;;960;;;;;931,9175742;4040,3232;62127,83828;
SBFZ;SBVC;1281,584;1,7;15341,87;2001;2170;759,8;1224,51;;;;120;;;532,0849516;2306,8512;35472,33011;
SBVC;SBBH;751,912;1;2272,65;239;1490;403,55;763,34;;;;;;;312,1770092;871,7081491;20811,80061;
SBBH;SWXM;1737,176;2,3;8936,8;1630;2870;759,8;;599;;;80;;151,76;0;1042,3056;0,01;
SWXM;SBBH;1509,38;2,1;12160;1280;2430;;763,34;;;;80;;;0;905,628;0,01;
SBBH;SBSP;735,244;1,2;9051,94;1651;1490;759,8;730,68;100;3754;1012,46;;;;1956,187442;441,1464;20968,05171;1666,666667
SBSP;SBMK;851,92;1,3;7019,83;966;1700;900,15;600,57;670,4;425;491,95;;200;;2006,0988;770,13568;24295,47553;1666,666667
SBMK;SBBH;405,588;0,7;;;980;403,55;763,34;;;;;;;195,0989848;486,7056;13006,59898;
SBBH;SBUL;559,304;0,8;5961,24;1000;1280;759,8;600,57;179,7;;;;;;269,0406091;335,5824;17936,04061;
SBUL;SBBH;463;0,7;3117,63;448;1050;759,8;763,34;;;;;;;222,715736;555,6;14847,71574;
SBBH;SBMK;396,328;0,6;5283,54;900;920;759,8;600,57;299,5;425;;;;;190,6446701;237,7968;12709,64467;
SBMK;SBBH;418,552;0,7;;;1010;403,55;763,34;;;;;;;1820,713758;251,1312;11936,47276;1666,666667
SBBH;SBFZ;1866,816;2,5;11365,48;1936;2910;759,8;573,39;955;960;;;;;775,0601607;1120,0896;51670,67738;
SBFZ;SBRJ;2315;3,1;11365,76;1650;3640;759,8;725,89;;700;;;;;961,136112;1619,262032;64075,7408;
SBRJ;SBBH;433,368;0,7;6484,16;1024;1090;759,8;763,34;;;;;;;179,9246802;520,0416;11994,97868;
SBBH;SBUL;540,784;0,8;5870,6;1000;1210;759,8;600,57;239,6;860;;;;;287,8628885;648,9408;19190,85923;
SBUL;SBBH;472,26;0,7;;;1110;759,8;763,34;;;;;;;251,3871115;566,712;16759,14077;
SBBH;SBCJ;1744,584;2,3;12263,68;2089;2980;759,8;655,81;279,6;;650,96;270;;;510,8677159;2093,5008;34057,84772;
SBCJ;SBSP;2070,536;2,9;16949,1;1677;3350;;730,68;206,76;4563,95;4200;;;;606,3164611;1834,923283;40421,09741;
SBSP;SBBH;538,932;0,8;7124,68;810;1110;900,15;763,34;;;;;;;157,8158231;323,3592;10521,05487;
SBBH;SBBQ;179,644;0,4;3827,63;652;650;759,8;;680;;783;80;;;173,7313433;107,7864;11582,08955;
SBBQ;SBBH;192,608;0,4;;;590;403,55;763,34;;;;;;;186,2686567;115,5648;12417,91045;
SBBH;SBGR;568,564;0,9;7931,18;1351;1270;759,8;515,35;;1700;;;;;274,6842105;682,2768;18312,2807;
SBGR;SBBH;487,076;0,7;;;1040;900,15;763,34;;;;;;;235,3157895;584,4912;15687,7193;
SBBH;SBMG;1242,692;1,7;6164,13;1050;2050;759,8;675,59;479,2;;;;;;0;745,6152;0,01;
SBMG;SBBI;338,916;0,6;7800;1000;910;459,35;668;344,59;560;;;;;0;406,6992;0,01;
SBBI;SBBH;824,14;1,2;10140;1300;1540;759,8;763,34;;;;;;;0;988,968;0,01;
SBBH;SBGR;625,976;1;8805,9;1500;1420;759,8;515,35;239,6;600;;;;;285,8706468;751,1712;19058,04312;
SBGR;SBBH;490,78;0,7;;;1060;900,15;763,34;;;;;;;224,1293532;588,936;14941,95688;
SBBH;SBGL;383,364;0,7;11107,18;1892;950;759,8;526,31;139,8;800;;;;;178,0779758;230,0184;11871,86505;
SBGL;SBTV;864,884;1,3;;;1620;900,15;3264;;;1740;170;;;401,7507957;518,9304;26783,38638;
SBTV;SBTV;372,252;0,6;5978,5;550;860;;;;;;170;;;172,9162954;670,0536;11527,75302;
SBTV;SBGL;863,032;1,3;3663,19;337;1590;;526,31;;800;;;;;400,8905156;1553,4576;26726,03437;
SBGL;SBBH;425,96;0,7;5039,67;811;1050;900,15;763,34;;;;;;;197,8644176;766,728;13190,96117;
SBBH;SBBR;764,876;1,1;6457,66;1100;1520;759,8;507,16;525;1420;990;;;;341,391129;458,9256;22759,4086;
SBBR;SBBH;613,012;0,9;3766,53;601;1410;;763,34;;;;;;;273,608871;367,8072;18240,5914;
SBBH;SBSP;657,46;1;9539,72;1625;1440;759,8;730,68;100;750;;;;;278,1105991;394,476;18540,70661;
SBSP;SBBH;548,192;0,8;;;1140;900,15;763,34;;;;;;;231,8894009;328,9152;15459,29339;
SBBH;SBGR;601,9;0,9;5635,77;960;1280;759,8;515,35;778,7;1100;;;;;279,9831081;466,1989091;18665,54054;
SBGR;SBBH;494,484;0,8;;;1180;900,15;763,34;;;;;;;230,0168919;593,3808;15334,45946;
SBBH;SBGO;813,028;1,1;7925,31;1350;1550;759,8;668;;2000;1624,5;;;;332,9962073;975,6336;22199,74716;
SBGO;SBBH;651,904;1;3767,99;565;1320;759,8;763,34;;;;;;;267,0037927;1173,4272;17800,25284;
SBBH;SBGO;874,144;1,3;8589,51;1567;1660;759,8;668;150;800;1624,5;;;;318,989011;524,4864;21265,93407;
SBGO;SBBH;642,644;1;801,04;120;1390;759,8;763,34;;;;;;;234,510989;771,1728;15634,06593;
SBBH;SBBR;792,656;1,2;9324,0315;1701;1620;759,8;507,16;150;271,38;;;;;361,9328859;475,5936;24128,85906;
SBBR;SBBH;587,084;0,9;395,86;65;1260;900,15;763,34;;;;;;;268,0671141;352,2504;17871,14094;
SBBH;SBSP;681,536;1,1;7646,6925;1395;1410;759,8;730,68;;1300;1863,3;;;;317,5890411;503,2881231;21172,60274;
SBSP;SBBH;535,228;0,8;1473,75;172;1190;900,15;763,34;;;;;;;249,4109589;321,1368;16627,39726;
SBBH;SBTV;653,756;1;6960,92;1270;1370;759,8;;359,4;;2400;100;;446,37;0;392,2536;0,01;
SBTV;SBMO;885,256;1,3;2674,02;246;1590;;690,11;;735;;;;;504,4221106;531,1536;33628,1407;
SBMO;SBBR;1590,868;2,2;11257,06;1607;2800;759,8;507,16;560;;;;;;906,4824121;1340,700971;60432,1608;
SBBR;SBMO;1424,188;2;9429,74;1550;2500;900,15;690,11;335,2;810;;;;;811,5075377;2563,5384;54100,50251;
SBMO;SBTV;890,812;1,3;13124;1700;1690;759,8;3852;;;;;;;507,5879397;1603,4616;33839,19598;
SBTV;SBBH;724,132;1,1;;;1530;;763,34;;;;;;;0;1303,4376;0,01;
SBBH;SBRJ;435,22;0,8;7125,04;1300;1010;759,8;725,89;239,6;800;;;;;0;261,132;0,01;
SBRJ;SBBH;427,812;0,7;;;1110;759,8;763,34;;;;;;;0;256,6872;0,01;
SBBH;SBSP;763,024;1,3;5480,8;1000;1740;759,8;730,68;375;2825;2158,38;;200;365,79;0;457,8144;0,01;
SBSP;SBBH;575,972;0,9;7377,22;861;1310;900,15;763,34;10;;;;200;;0;345,5832;0,01;
SBBH;SBSV;1024,156;1,5;8878,9;1620;2000;759,8;573,39;340;600;;;;;543,431677;614,4936;36228,77847;
SBSV;SBPS;433,368;0,7;;;1040;759,8;544,21;700;3387,82;306;440;;;229,9511979;260,0208;15330,07986;
SBPS;SSRS;1716,804;2,2;11042,5;1750;2970;588,36;321,11;778;;1720;;;;910,9605146;1030,0824;60730,70098;
SSRS;SBBR;1685,32;2,3;18814;1636;2850;;507,16;285,39;3220;1398,25;;;;894,2546584;3033,576;59616,97723;
SBBR;SBRJ;968,596;1,4;7908,81;1300;1980;900,15;725,89;167,8;700;;;;;513,9507542;581,1576;34263,38361;
SBRJ;SBBH;433,368;0,7;4536,03;783;1040;759,8;763,34;;;;;;;229,9511979;260,0208;15330,07986;
SBBH;SBGR;613,012;0,9;9996,98;1824;1390;759,8;515,35;450;1100;;;;;271,3017857;420,3510857;18086,78571;
SBGR;SBCT;464,852;0,8;;;1170;900,15;673,19;;1300;;;;;205,7303571;557,8224;13715,35714;
SBCT;SBSP;477,816;1;1496,78;200;1180;900,15;730,68;150;2548;1365;;;;211,4678571;573,3792;14097,85714;
SBSP;SBBH;494,484;0,8;6186,24;722;1120;900,15;763,34;;;;;;;0;296,6904;0,01;
SBBH;SBFZ;1855,704;2,7;8769,28;1600;3100;759,8;720,08;730;3850;2622,9;;;;0;1113,4224;0,01;
SBFZ;SBBH;1946,452;2,7;10507,13;1699;3350;759,8;763,34;;;;;;781,95;0;3503,6136;0,01;
SBBH;SBCF;127,788;0,3;9777,75;1784;550;759,8;519,53;;;;;;;0;76,6728;0,01;
SBCF;SBIP;240,76;0,6;;;750;900,15;;;;;;;;0;144,456;0,01;
SBIP;SBCF;125,936;0,6;;;900;;519,53;;;;;;;0;75,5616;0,01;
SBCF;SBBH;59,264;0,2;;;400;900,15;763,34;;;;;;;0;35,5584;0,01;
SBBH;SBBR;701,908;1,1;6357,73;1160;1490;759,8;507,16;100;1185;;;;;369,255751;421,1448;24617,05007;
SBBR;SBBH;666,72;1;2956,68;486;1520;900,15;763,34;;;;;;;350,744249;800,064;23382,94993;
SBBH;SBRJ;409,292;0,7;6576,96;1200;1090;;876,01;239,6;700;;;;;0;245,5752;0,01;
SBRJ;SBBH;503,744;0,8;1158,63;200;1250;;763,34;;;;;;;0;604,4928;0,01;
SBBH;SBPS;659,312;1;5097,14;930;1370;759,8;544,21;639,2;2877,82;714;120;;180;302,3433814;395,5872;20156,22543;
SBPS;SBBH;753,764;1,1;4246,2;674;1590;588,36;763,34;778;;;;;;345,6566186;1356,7752;23043,77457;
SBBH;SBSP;790,804;1,2;7125,04;1300;1660;759,8;730,68;300;1940;;;200;104;0;474,4824;0,01;
SBSP;SBBH;500,04;0,8;4995,26;583;1130;900,15;763,34;;;;;200;;0;587,0034783;0,01;
SBBH;SBGR;616,716;1;4932,72;900;1420;759,8;515,35;179,7;600;;;;;300,3865979;740,0592;20025,7732;
SBGR;SBBH;461,148;0,8;2728;440;1030;900,15;763,34;;;;;;;224,6134021;553,3776;14974,2268;
SBBH;SBRJ;444,48;0,8;6032,02;1201;1100;759,8;725,89;159,8;700;;;;;180,3757829;266,688;12025,05219;
SBRJ;SBBH;409,292;0,7;;;980;759,8;763,34;;;;;;;0;245,5752;0,01;
SBBH;SBSP;729,688;1,2;7533,75;1500;1590;759,8;730,68;399,5;1400;;;200;;0;437,8128;0,01;
SBSP;SBRJ;366,696;0,7;;;920;900,15;763,42;;800;;;200;;0;220,0176;0,01;
SBRJ;SBBH;442,628;0,7;2545,07;500;1050;759,8;763,34;;;;;;;179,6242171;265,5768;11974,94781;
SBBH;SBGR;653,756;1,1;11551,75;2300;1450;759,8;515,35;319,6;600;;;;;299,0835735;392,2536;19938,9049;
SBGR;SDPA;246,316;0,5;;;670;900,15;1000;;;;;;;112,685879;147,7896;7512,391931;
SDPA;SBBH;385,216;0,7;1506,75;300;980;;763,34;;;;;;;176,2305476;231,1296;11748,70317;
SBBH;SBSP;696,352;1,1;5374,08;1070;1460;759,8;730,68;179,7;2520;1890;;200;174,07;0;417,8112;0,01;
SBSP;SBBH;533,376;0,9;6048,82;721;1200;900,15;763,34;502,805;;;;200;;0;320,0256;0,01;
SBBH;SBRJ;442,628;0,8;5866,28;1168;1060;759,8;725,89;502,805;700;;;;;199,3319502;265,5768;13288,79668;
SBRJ;SBBH;450,036;0,7;;;1070;759,8;763,34;479,3;;;;;;202,6680498;326,5377488;13511,20332;
SBBH;SBMK;424,108;0,7;6278,13;1250;1020;759,8;600,57;159,8;425;;;;;201,4351852;254,4648;13429,01235;
SBMK;SBBH;475,964;0,8;;;1080;403,55;763,34;;;;;;;226,0648148;571,1568;15070,98765;
SBBH;SBRJ;450,036;0,8;2511,25;500;1150;759,8;838,48;;700;;;;;192,2312373;810,0648;12815,41582;
SBRJ;SBBH;463;0,7;2870,83;564;1070;759,8;763,34;;;;;;;197,7687627;833,4;13184,58418;
SBBH;SDSC;540,784;0,8;7182,175;1430;1260;759,8;471,51;;;;;;;3693,825455;973,4112;22988,36364;3400
SDSC;SBBH;477,816;0,7;;;1050;269,34;763,34;;;;;;;3653,674545;860,0688;20311,63636;3400
SBBH;SBMK;411,144;0,7;6559,39;1306;1030;759,8;600,57;439;425;;;;;164,6292135;246,6864;10975,2809;
SBMK;SBSP;1013,044;1,6;;;1840;403,55;730,68;;1400;;;200;;430,6463086;607,8264;28709,75391;
SBSP;SBTV;1066,752;1,5;12777,21;1523;1890;900,15;3852;439;;;;200;;453,4776486;640,0512;30231,84324;
SBTV;SBMK;566,712;0,9;11957;1100;1190;;600,57;;425;;;;;240,9100008;340,0272;16060,66672;
SBMK;SBBH;412,996;0,7;;;980;;763,34;;;;;;;165,3707865;247,7976;11024,7191;
SBBH;SBSP;703,76;1,1;6032,02;1201;1460;759,8;730,68;250;1400;;;200;;330,3120357;422,256;22020,80238;
SBSP;SBBH;537,08;0,8;2693;321;1160;900,15;763,34;;;;;;;0;322,248;0,01;
SBBH;SBRJ;425,96;0,8;4168,68;830;1040;759,8;725,89;179,7;700;;;;;0;255,576;0,01;
SBRJ;SBSP;494,484;0,9;3180,27;530;1180;759,8;730,68;;2520;1312,5;;200;;0;296,6904;0,01;
SBSP;SBBH;542,636;0,9;6208,23;740;1150;900,15;763,34;335,2;;;;;;254,6879643;325,5816;16979,19762;
SBBH;SBTV;642,644;1;8869,735;1766;1370;759,8;3852;565;;;;;;273,1887917;1156,7592;18212,58612;
SBTV;SBGL;937,112;1,4;;;1760;;526,31;;800;;;;;398,3675177;1686,8016;26557,83451;
SBGL;SBBH;442,628;0,8;2703,84;500;1030;900,15;763,34;;;;;;;188,1617326;796,7304;12544,11551;
SBBH;SBRJ;437,072;0,8;6027;1200;1150;759,8;725,89;179,7;700;;;;;185,5645161;786,7296;12370,96774;
SBRJ;SBBH;481,52;0,8;;;1080;759,8;763,34;;;;;;96,1;204,4354839;866,736;13629,03226;
SBBH;SBSP;677,832;1,1;5775,88;1150;1410;759,8;730,68;119,8;1400;;;;;364,8190045;406,6992;24321,26697;
SBSP;SBBH;550,044;0,9;4958,19;591;1200;900,15;763,34;;;;;;;235,1809955;330,0264;15678,73303;
SBBH;SBSP;718,576;1,2;3274,67;652;1550;759,8;730,68;239,6;1880;;35,4;200;96,47;0;431,1456;0,01;
SBSP;SBBH;572,268;0,9;7718,34;920;1370;900,15;763,34;;;;;200;;0;686,7216;0,01;
SBBH;SDPA;364,844;0,6;5524,75;1100;860;759,8;1000;239,6;;;;;;149,8098859;218,9064;9987,325729;
SDPA;SBJH;518,56;1;;;1350;;2559,4;;;;;;;212,9277567;311,136;14195,18378;
SBJH;SBBH;577,824;0,9;6709,5;1050;1790;459,35;763,34;;;;;;;237,2623574;346,6944;15817,49049;
SBBH;SBSP;735,244;1,2;4776,4;951;1610;759,8;730,68;300;1979;;;200;;311,5988372;441,1464;20773,25581;
SBSP;SBBH;538,932;0,9;7911,3;943;1250;900,15;763,34;;;;;;;228,4011628;646,7184;15226,74419;
SBBH;SNLA;1663,096;2,4;8839,77;1720;2650;759,8;;179,7;;2331;9,1;;;930,629478;997,8576;62041,9652;
SNLA;SBMA;159,272;0,4;;;550;;812,92;;;560;58,3;;;89,12487206;95,5632;5941,658137;
SBMA;SBBH;1796,44;2,5;12387,9;1750;2970;;763,34;;;;;;;1005,24565;2155,728;67016,37666;
SBBH;SBSP;720,428;1,1;4029,14;795;1460;;730,68;179,7;1870;1617;148,2;200;;0;432,2568;0,01;
SBSP;SBBH;524,116;0,8;7136,34;830;1200;;763,34;;;;108,4;400;;0;628,9392;0,01;
SBBH;SBTC;748,208;1,1;5159,33;1018;1480;759,8;735,72;300;;;;;;0;448,9248;0,01;
SBTC;SBIL;72,228;0,2;;;310;;1034,58;;;;10,1;;446,05;0;43,3368;0,01;
SBIL;SBTC;70,376;0,2;7390,98;1100;320;322,94;735,72;180;;;50;;446,05;0;126,6768;0,01;
SBTC;SBCF;777,84;1,1;;;1510;;519,53;;;;;;;0;1400,112;0,01;
SBCF;SBBH;48,152;0,1;;;250;900,15;763,34;;;;;;;0;86,6736;0,01;
SBBH;SBGR;609,308;0,9;7348,75;1450;1320;759,8;515,35;460;600;;;;;0;1096,7544;0,01;
SBGR;SBBH;463;0,7;;;1010;900,15;763,34;;;;;;;0;833,4;0,01;
SBBH;SBSP;650,052;1,1;5068,1;1000;1360;759,8;730,68;225;1870;;45;400;;0;390,0312;0,01;
SBSP;SBBH;546,34;0,9;4505,35;524;1160;900,15;763,34;;;;;200;;0;327,804;0,01;
SBBH;SBPS;666,72;1,1;8108,96;1600;1420;759,8;544,21;300;2267,82;;15,9;;;237,9896907;400,032;15865,97938;
SBPS;SBBH;770,432;1,2;;;1530;588,36;763,34;;;;;;;275,0103093;462,2592;18334,02062;
SBBH;SBBP;488,928;0,8;4059,5481;801;1140;759,8;485,99;479,2;;;;;;0;293,3568;0,01;
SBBP;SBJH;120,38;0,3;;;470;322,94;;;2559,4;;;;;0;72,228;0,01;
SBJH;SBFL;522,264;0,8;10224;1600;1270;459,35;693,73;;2910;5301,44;156;;600,64;0;313,3584;0,01;
SBFL;SBSP;490,78;0,8;;;1110;900,15;730,68;428;1870;;47,2;;;0;883,404;0,01;
SBSP;SBBP;174,088;0,4;8864,54;1031;550;900,15;485,99;;450;;;;;0;313,3584;0,01;
SBBP;SBBH;446,332;0,8;;;1010;322,94;763,34;502,8;;;;;;0;803,3976;0,01;
SBBH;SBSP;820,436;1,3;7247,38;1430;1710;759,8;730,68;239,6;1870;;12;200;;318,849096;492,2616;21256,6064;
SBSP;SBBH;511,152;0,8;;;1070;900,15;763,34;;;;;200;;198,650904;306,6912;13243,3936;
SBBH;SBSV;1016,748;1,5;9761,16;1926;1910;759,8;603,1;820;;;;;;567,5472973;1604,693583;37836,48649;
SBSV;SBGL;1298,252;1,9;3854,99;581;2430;759,8;526,31;;800;;;;;724,6824324;2336,8536;48312,16216;
SBGL;SBBH;425,96;0,7;4385,99;800;1040;900,15;763,34;;;;;;;237,7702703;766,728;15851,35135;
SBBH;SBBR;733,392;1,2;8853,97;1747;1600;759,8;507,16;359,4;2333,5;;;;;412,9736905;464,8259155;27531,57937;
SBBR;SNDR;1364,924;1,9;3664,02;600;2460;900,15;;;900;;12;;;768,589924;818,9544;51239,32827;
SNDR;SBPB;285,208;0,5;2886;260;810;;;;;;;;;160,6008796;171,1248;10706,72531;
SBPB;SBBR;1627,908;2,3;19035,3;1779;2790;322,94;507,16;;1600;;47,9;;;916,6764494;1827,908126;61111,76329;
SBBR;SBBH;620,42;1;3822,79;626;1290;900,15;763,34;;;;;;;349,3590564;372,252;23290,60376;
SBBH;SBSP;857,476;1,4;3755,46;741;1730;759,8;730,68;299,3;5082;1386;52,2;200;164,9;0;514,4856;0,01;
SBSP;SBBH;533,376;0,8;8426,04;980;1160;900,15;763,34;;;;81,57;200;89,15;0;320,0256;0,01;
SBBH;SBFL;1101,94;1,6;5220,14;1030;2120;759,8;693,73;750;900;;;;;0;661,164;0,01;
SBFL;SAEZ;1648,28;2,4;9734,09;1293;2820;2079,01;;;;8099,76;823,42;;3233,75;0;988,968;0,01;
SAEZ;SBJH;1570,496;2,2;10945;2192;3080;2263,43;13956,7;;;;;;;0;2826,8928;0,01;
SBJH;SBBH;438,924;1,1;6252,24;956;1360;;763,34;;;;;;;0;790,0632;0,01;
SBBH;SBGL;366,696;0,6;9797,85;1868;1000;759,8;526,31;119,8;3181,81;;;;;6160,985915;220,0176;16732,39437;6000
SBGL;SBCY;1646,428;2,4;1118,7;200;2630;900,15;738,94;;700;736;25;;;7036,901408;987,8568;75126,76056;6000
SBCY;SBGL;1668,652;2,3;13876,22;1526;2790;759,8;526,31;;3392,4;;;;;7052,112676;2002,3824;76140,84507;6000
SBGL;SBMG;1059,344;1,6;8669,93;1550;1910;900,15;675,59;;;;;;;0;1271,2128;0,01;
SBMG;SBBH;1022,304;1,5;6650;950;1950;459,35;763,34;;;;;;;0;613,3824;0,01;
SBBH;SBMK;381,512;0,6;7343,14;1400;890;759,8;600,57;179,7;425;287,75;47;;;172,0649652;228,9072;11470,99768;
SBMK;SBBH;416,7;0,7;;;990;403,55;763,34;;;;;;;187,9350348;250,02;12529,00232;
SBBH;SBRJ;425,96;0,7;4825,49;920;1060;759,8;725,89;179,7;700;;;;;193,3757962;505,3434545;12891,71975;
SBRJ;SBBH;446,332;0,8;1862,21;350;1030;759,8;763,34;;;;;;;202,6242038;535,5984;13508,28025;
SBBH;SBBR;696,352;1,1;9970,94;1901;1470;759,8;507,16;239,6;1185;;;;;356,9620253;417,8112;23797,46835;
SBBR;SBBH;620,42;1;;;1290;900,15;763,34;;;;;;;318,0379747;372,252;21202,53165;
SBBH;SBJH;640,792;1;7343,14;1400;1400;759,8;719;;1840,4;;;;;60;384,4752;4000;
SBJH;SBBH;535,228;0,8;;;1280;459,35;763,34;;;;;;;0;321,1368;0,01;
SBBH;SBRJ;411,144;0,7;3194,27;609;1020;759,8;913,54;239,6;700;418,95;;;303,6;0;740,0592;0,01;
SBRJ;SBBH;429,664;0,7;2889,09;543;1040;759,8;763,34;;;;;;;0;773,3952;0,01;
SBBH;SBPS;659,312;1,1;7343,14;1400;1370;759,8;544,21;179,7;2017,82;;;;;310,0645161;395,5872;20670,96774;
SBPS;SBBH;718,576;1,1;;;1360;588,36;763,34;;;;;;;337,9354839;431,1456;22529,03226;
SBBH;SBCF;59,264;0,2;2098,04;400;300;759,8;519,53;238,5;;1622,37;41,53;;4940,33;0;106,6752;0,01;
SBCF;SULS;2168,692;3;7471,79;1739;3540;2098,6;12392,95;400;;;;;1161,08;0;3903,6456;0,01;
SULS;SBFL;1005,636;1,4;;2037;1870;5489,7;1759,24;;992,91;;;;;0;603,3816;0,01;
SBFL;SBRJ;794,508;1,2;7897,23;1150;1630;;725,89;;733;;;;;0;476,7048;0,01;
SBRJ;SBTV;850,068;1,3;;;1720;759,8;3852;1094,46;;;;;;537,8659794;510,0408;35857,73196;
SBTV;SBBH;766,728;1,2;8522,08;784;1540;;763,34;;;;;;;518,1340206;460,0368;34542,26804;
SBBH;SBTV;642,644;1;8654,42;1650;1340;759,8;3852;479,2;;;;;;281,6231884;385,5864;18774,87923;
SBTV;SBBH;890,812;1,5;;;1820;;763,34;;;;;;;390,3768116;916,2637714;26025,12077;
SBBH;SBTV;714,872;1,1;7201,53;1373;1570;759,8;3852;299,5;;;;;;0;428,9232;0,01;
SBTV;SIRI;320,396;0,6;;;830;;;;2982,5;;;;;173,6431227;192,2376;11576,20818;
SIRI;SBTV;177,792;0,2;13598,1;1563;883;;;;;;;;;96,35687732;106,6752;6423,791822;
SBTV;SBBH;751,912;1,1;;;837;;763,34;;;;;;;0;451,1472;0,01;
SBBH;SBSP;744,504;1,3;9661,47;1842;1570;759,8;730,68;399;1870;;;200;;360,3292683;446,7024;24021,95122;
SBSP;SBIL;1255,656;1,8;2559,61;291;2140;900,15;738,74;100;;;;200;;607,7195122;753,3936;40514,63415;
SBIL;SBBH;840,808;1,2;4737,67;681;1510;322,94;763,34;;;;;;;406,9390244;504,4848;27129,26829;
SBBH;SBIL;777,84;1,1;11563,65;2061;1590;796,42;738,74;319,2;;;;;;376,4634146;466,704;25097,56098;
SBIL;SBGR;1487,156;2,2;3332,3;452;2660;338,5;515,35;;600;;;;;719,7621951;892,2936;47984,14634;
SBGR;SBBH;513,004;0,9;4700,26;768;1120;943,53;763,34;;;;;;;248,2865854;569,1440604;16552,43902;
SBBH;SBTV;627,828;1;10536,89;1878;1330;796,42;3418;478,8;;;;;;0;376,6968;0,01;
SBTV;SBGR;1348,256;1,9;1847,9;170;2350;;515,35;;600;;;;;0;1429,616276;0,01;
SBGR;SBBH;472,26;0,7;4329,04;708;1060;943,53;763,34;;;;;;;0;566,712;0,01;
SBBH;SBTV;629,68;1,1;9257,66;1650;1380;796,42;3418;957,6;;;;;;368,6246673;377,808;24574,97782;
SBTV;SBRJ;996,376;1,5;;;1860;;725,89;;700;;;;;488,35315;597,8256;32556,87666;
SBRJ;SBBH;461,148;0,8;5317,74;942;1110;796,42;763,34;;;;;;;226,0221828;276,6888;15068,14552;
SBBH;SBPS;666,72;1;10377,24;1859;1360;796,42;544,21;638,4;2017,82;;;;;449,8457584;1200,096;29989,71722;
SBPS;SBBH;774,136;1,2;;;1510;616,72;763,34;;;;;;;348,1542416;1393,4448;23210,28278;
SBBH;SBTV;631,532;1;9255,22;1658;1290;796,42;3418;;;;;;;0;1136,7576;0,01;
SBTV;SBBH;720,428;1,1;5826,32;536;1520;;763,34;;;;;;;0;1296,7704;0,01;
SBBH;SBTV;629,68;1;6983,28;1251;1320;796,42;3418;599;;;;;;0;377,808;0,01;
SBTV;SBJH;1511,232;2,2;;;2720;;773;;2250;;;;;0;906,7392;0,01;
SBJH;SSBZ;548,192;0,9;7634;1100;1110;481,49;1940;;;;;;;431,107078;328,9152;28740,47187;
SSBZ;SBBH;472,26;0,8;3556;400;1080;;763,34;;;;;;;371,392922;283,356;24759,52813;
SBBH;SBUL;563,008;0,9;9360;1683;1290;796,42;629,14;239,6;860;520;;;;217,1428571;337,8048;14476,19048;
SBUL;SBBH;448,184;0,7;;;1010;796,42;763,34;;;;;;;172,8571429;300,9235428;11523,80952;
SBBH;SBPS;642,644;1;7786,1;1400;1320;796,42;544,21;240;2017,82;;;;;331,6579974;385,5864;22110,53316;
SBPS;SBBH;781,544;1,2;;;1510;616,72;763,34;;;;;;;403,3420026;468,9264;26889,46684;
SBBH;SBTV;648,2;1;5122,14;921;1300;796,42;3418;800;;;;;;517,734057;388,92;34515,6038;
SBTV;SBBH;716,724;1,1;7717,7;710;1450;;763,34;;;;;;;340,265943;430,0344;22684,3962;
SBBH;SBGR;546,34;0,9;8231,02;1480;1230;796,42;515,35;400;1100;;;;;292,4213287;327,804;19494,75524;
SBGR;SBBH;513,004;0,8;;;1110;943,53;763,34;;;;;;;274,5786713;307,8024;18305,24476;
SBBH;SBRJ;405,588;0,7;5561,5;1000;1010;796,42;725,89;1800;;700;;;234,02;220,752;243,3528;14716,8;
SBRJ;SBVT;444,48;0,7;;;1040;796,42;723,09;;2098;997,5;;;;241,92;266,688;16128;
SBVT;SBDN;1253,804;1,8;11519,62;1400;2280;796,42;593,49;;;;;;;682,416;2256,8472;45494,4;
SBDN;SBMG;192,608;0,4;;;600;616,72;741,51;;;;;;;0;346,6944;0,01;
SBMG;SBDN;181,496;0,4;11887,2;1651;580;481,49;593,49;;;;;;;0;326,6928;0,01;
SBDN;SBRJ;914,888;1,4;;;1770;616,72;725,89;;;700;;;;497,952;1646,7984;33196,8;
SBRJ;SBBH;453,74;0,8;;800;1050;796,42;763,34;;;;;;;246,96;816,732;16464;
SBBH;SBIP;181,496;0,4;3342,4615;601;590;796,42;774,2;400;;578,02;120;;;168;108,8976;11200;
SBIP;SBBH;181,496;0,4;;;580;;763,34;;;;;;;168;108,8976;11200;
SBBH;SBSP;687,092;1,1;7174,335;1290;1490;796,42;765,45;259,2;1870;;;500;;329,0237571;412,2552;21934,91714;
SBSP;SNDV;463;0,7;;520;990;943,53;435,43;;;;;;;221,714122;277,8;14780,94147;
SNDV;SBBH;135,196;0,3;;;440;;763,34;;;;;;;64,74052362;81,1176;4316,034908;
SBBH;SBTV;668,572;1;4171,13;750;1360;796,42;3418;;;;;;;320,1551922;401,1432;21343,67948;
SBTV;SBBH;661,164;1;7543,78;694;1320;;763,34;;;;;;;579,1077662;396,6984;38607,18441;
SBBH;SBTV;659,312;0,9;8620,325;1550;1320;796,42;3418;518,4;;;;;;315,7209097;1186,7616;21048,06065;
SBTV;SBBH;735,244;1,1;;;1520;;763,34;;;;;;;352,0820257;1323,4392;23472,13505;
SBBH;SNDV;166,68;0,3;6284,495;1130;550;796,42;;;;;;;;79,81708392;300,024;5321,138928;
SNDV;SBSP;516,708;0,9;;;1080;;765,45;;2080;;;500;;247,4329602;930,0744;16495,53068;
SBSP;SBBH;559,304;0,9;6549,03;709;1200;943,53;763,34;;;;;;;267,8306594;1006,7472;17855,37729;
SBBH;SBTV;638,94;1;8731,56;1570;1370;796,42;3418;355;;;;;;312,1648794;383,364;20810,99196;
SBTV;SBBH;742,652;1,2;;;1420;;763,34;;;;;;;362,8351206;445,5912;24189,00804;
SBBH;SBGR;583,38;1;7841,72;1410;1260;796,42;515,35;259,2;1100;;;;;298,8461538;398,3077242;19923,07692;
SBGR;SBBH;500,04;0,7;;;1100;943,53;763,34;;;;;;;256,1538462;300,024;17076,92308;
SBBH;SBTV;661,164;1;9057,03;1501;1330;796,42;3418;400;;;;;;322,5094103;1190,0952;21500,62735;
SBTV;SBBH;814,88;1,3;;;1500;;763,34;;;;;;;397,4905897;1466,784;26499,37265;
SBBH;SBSV;953,78;1,4;12170,58;2017;1830;796,42;607,78;550;800;;;;;510,8255119;572,268;34055,03413;
SBSV;SBFL;2163,136;2,9;7627,24;1083;3450;796,42;693,73;;730;;;;;1158,532423;1609,373184;77235,49488;
SBFL;SBRJ;790,804;1,3;10878,88;1417;1560;943,53;725,89;;700;;;;;423,5388225;948,9648;28235,9215;
SBRJ;SBBH;433,368;0,7;1721,89;286;1060;796,42;763,34;;;;;;;232,1032423;520,0416;15473,54949;
SBBH;SBJH;668,572;1,1;6094,34;1010;1340;796,42;773;400;2250;1120;146;;;379,2939189;401,1432;25286,26126;
SBJH;SBBH;564,86;0,9;2285,9;385;1220;481,49;763,34;;;;;;;320,4560811;338,916;21363,73874;
SBBH;SBBR;696,352;1,1;9382,887;1555;1470;796,42;507,16;;860;;;;;344,8369565;835,6224;22989,13043;
SBBR;SBBH;666,72;1;;;1400;943,53;763,34;;;;;;;330,1630435;800,064;22010,86957;
SBBH;SBGR;646,348;1,1;8676,26;1451;1370;796,42;515,35;200;1220;;;;;271,6273585;387,8088;18108,49057;
SBGR;SBBH;531,524;0,8;;;1170;943,53;763,34;;;;;;;223,3726415;318,9144;14891,50943;
SBBH;SBGR;546,34;0,9;9336,18;1561;1210;796,42;3301,99;;1220;882;;;;0;983,412;0,01;
SBGR;SBBH;516,708;0,8;;;1220;943,53;763,34;;;;;;;0;930,0744;0,01;
SBBH;SBRJ;420,404;0,8;5507,12;921;1030;796,42;800,95;;700;;;;;993,9584937;252,2424;15437,89958;774
SBRJ;SBBH;464,852;0,7;1486,58;200;1080;796,42;763,34;;;;;;;1018,441506;278,9112;17070,10042;774
SBBH;SBIP;216,684;0,4;4976,11;832;605;796,42;;259,2;;;;;;0;130,0104;0,01;
SBIP;SBBH;216,684;0,5;;;605;;763,34;;;;;;;0;232,1614286;0,01;
SBBH;SBMK;438,924;0,7;6519,18;1090;1020;514,1;629,14;200;425;550,2;;;;191,7303371;263,3544;12782,02247;
SBMK;SBBH;385,216;0,6;;;1000;423;763,34;;;;;;;168,2696629;231,1296;11217,97753;
SBBH;SBSP;672,276;1,2;4706,97;787;1460;796,42;765,45;259,2;2080;1182,82;;1000;180,23;0;403,3656;0,01;
SBSP;SBBH;583,38;0,8;5852,79;900;1460;943,53;763,34;;;;;250;;0;700,056;0,01;
SBBH;SBCB;420,404;0,7;8373,26;1400;1000;796,42;596,63;;;;;;;145,8244111;756,7272;9721,627409;
SBCB;SBBH;444,48;0,7;;;1030;481,49;763,34;;;;;;;154,1755889;800,064;10278,37259;
SBBH;SNDV;159,272;0,3;4724,91;790;520;796,42;472,58;400;;;;;;98,15217391;95,5632;6543,478261;
SNDV;SDRS;298,172;0,5;4849,5;530;730;;;;;;;;;183,75;178,9032;12250;
SDRS;SNDV;274,096;0,5;;;720;;472,58;;;;;;;168,9130435;208,31296;11260,86957;
SNDV;SBBH;120,38;0,3;;;440;;763,34;;;;;;;74,18478261;144,456;4945,652174;
SBBH;SBVG;298,172;0,5;4904,34;820;810;796,42;336,08;259,2;;;;;;217,5;178,9032;14500;
SBVG;SSOL;90,748;0,2;;;360;423;;;;;61,77;;;66,19565217;54,4488;4413,043478;
SSOL;SBBH;207,424;0,4;;;610;;763,34;;;;;;;151,3043478;124,4544;10086,95652;
SBBH;SBSP;740,8;1,2;6124,44;1024;1560;796,42;765,45;11;2900;1050;;250;;0;444,48;0,01;
SBSP;SBBH;563,008;0,9;5436,59;836;1300;943,53;763,34;;;;;250;;0;675,6096;0,01;
SBBH;SBRJ;507,448;0,9;3468,92;580;1330;796,42;725,89;259,2;1120;;;;;0;304,4688;0,01;
SBRJ;SBBH;453,74;0,8;4816,46;800;1120;796,42;763,34;;;;;;;0;272,244;0,01;
SBBH;SBCF;118,528;0,3;8479;1501;490;796,42;519,53;1082,22;2915;;120;;;3033,091397;142,2336;5206,093162;3000
SBCF;SBSV;1003,784;1,4;1219,37;150;2040;943,53;664,91;;800;;;;;3616,336522;1617,726307;44089,10147;3000
SBSV;SBRJ;1316,772;1,8;8490,48;1199;2560;796,42;725,89;541,2;1120;;;;;3822,546618;2370,1896;57836,44122;3000
SBRJ;SBBH;442,628;0,7;4797,61;833;1040;796,42;763,34;;;;;;;3246,622562;796,7304;19441,50415;3000
SBBH;SBSV;963,04;1,4;10201,91;1806;1860;796,42;607,78;626;800;;;;;520,8603574;577,824;34724,02383;
SBSV;SBRJ;1389;2;3128,9;467;2520;796,42;1213,78;;1120;1257,9;;;;751,2409001;833,4;50082,72667;
SBRJ;SBBH;446,332;0,8;5189,26;901;1050;796,42;763,34;;;;;;;241,3987426;267,7992;16093,2495;
SBBH;SBRJ;422,256;0,7;3592,7;636;970;796,42;725,89;259,2;1120;;;;;189,4532374;253,3536;12630,21583;
SBRJ;SBGL;144,456;0,4;;;570;796,42;646,21;;900;1375,92;62,76;;;64,81294964;86,6736;4320,863309;
SBGL;SBRJ;16,668;0,1;5998,8;1000;200;943,53;725,89;;1145;;;;;7,478417266;30,0024;498,5611511;
SBRJ;SBBH;446,332;0,7;;;1040;796,42;763,34;;;;;;;200,2553957;803,3976;13350,35971;
SBMG;SBBH;950,076;1,4;2250;300;2020;481,49;1504,85;;;;375;;474,1;0;570,0456;0,01;
SBBH;SBBR;725,984;1,1;5733,63;1015;1460;796,42;507,16;386;1379,4;;;;;380,0541761;435,5904;25336,94507;
SBBR;SBTV;1014,896;1,5;7427,29;1100;1910;943,53;2760;1114,64;;;360;;;531,3002257;608,9376;35420,01505;
SBBH;SBSP;709,316;1,1;4406,14;780;1520;796,42;765,45;600;2900;1459,5;;;462,54;0;425,5896;0,01;
SBTV;SBBH;720,428;1,1;5935,02;546;1440;;763,34;830;;;;;;377,1455982;514,8941294;25143,03988;
SBSP;SBBH;533,376;0,8;5290,35;850;1150;943,53;763,34;;;;;;;0;640,0512;0,01;
SBBH;SBRJ;400,032;0,7;4185,83;741;970;796,42;800,95;518,4;1120;;;;;0;720,0576;0,01;
SBRJ;SBBH;442,628;0,7;3213,77;558;1010;796,42;763,34;;;;;;;0;796,7304;0,01;
SBBH;SBRJ;461,148;0,9;3728,27;660;1130;796,42;725,89;845,2;1120;;;;;0;276,6888;0,01;
SBRJ;SNDV;433,368;0,7;10079,02;1750;1070;796,42;472,58;;;;;;;0;260,0208;0,01;
SNDV;SBTV;750,06;1,1;;;1440;;2760;586;;;;;;477,8089888;450,036;31853,93258;
SBTV;SBRJ;946,372;1,3;4326,26;398;1580;;725,89;;1120;;;;;0;567,8232;0,01;
SBRJ;SBBH;442,628;0,8;5010,71;870;1060;796,42;763,34;;;;;;;0;265,5768;0,01;
SBBH;SBBR;792,656;1,1;9812,14;1737;1650;796,42;507,16;518,4;1188,63;;;;;3458,77911;601,0974667;32271,94067;3020
SBBR;SNSS;637,088;1;3653,77;580;1410;943,53;;;;380;118;;;3363,77293;382,2528;25938,1953;3020
SNSS;SBBH;485,224;0,8;;;1170;;763,34;;;;;;;3271,028801;291,1344;19755,2534;3020
SBBH;SBGR;572,268;0,9;8473,35;1500;1240;796,42;515,35;259,2;720;;;;;3324,187021;343,3608;23299,13473;3020
SBGR;SBBH;509,3;0,8;;;1080;943,53;763,34;;;;;;;3285,732138;611,16;20735,4759;3020
SBBH;SBTV;646,348;1;9676,57;1713;1340;796,42;2760;586;;;;;;411,741573;387,8088;27449,4382;
SBTV;SNDV;794,508;1,2;;;1480;;472,58;;;;;;;506,1235955;476,7048;33741,57303;
SNDV;SBBH;116,676;0,3;;;420;;763,34;;;;;;;74,3258427;70,0056;4955,05618;
SBBH;SBRP;500,04;0,8;6535,78;1157;1150;796,42;593,48;586;800;;;;;276,9428571;900,072;18462,85714;
SBRP;SBBH;472,26;0,9;;;940;796,42;763,34;;;;;;;261,5571429;850,068;17437,14286;
SBBH;SBIP;170,384;0,3;4818,51;853;530;796,42;865,52;259,2;;541,78;50;;;135,5357143;102,2304;9035,714286;
SBIP;SBBH;244,464;0,5;;;690;;798,15;;;;37,64;;;194,4642857;146,6784;12964,28571;
SBBH;SNDV;164,828;0,3;7174,1;1270;560;796,42;472,58;586;;;;;;77,63590392;98,8968;5175,726928;
SNDV;SBJH;572,268;1;;;1180;;773;;6813;3339;109,94;;;269,5448799;343,3608;17969,65866;
SBJH;SNDV;614,864;1;5632;800;1330;481,49;472,58;;;;110;;;289,608091;1106,7552;19307,20607;
SNDV;SBBH;112,972;0,3;;;410;;798,15;;;;;;;53,21112516;203,3496;3547,408344;
SBBH;SBRF;1668,652;2,4;7380,17;1420;2830;796,42;754,12;800;794;928,2;;;;630,1563357;1001,1912;42010,42238;
SBRF;SBBH;1707,544;2,5;10108,5;1758;3040;796,42;798,15;;;;;;;644,8436643;2049,0528;42989,57762;
SBBH;SBBR;722,28;1,1;10285,46;1979;1610;796,42;507,16;705;1227,56;;;;;518,630137;866,736;34575,34247;
SBBR;SBBH;629,68;1;;;1370;943,53;798,15;;;;;;;321,369863;755,616;21424,65753;
SBBH;SBSJ;488,928;0,8;9604,61;1848;1160;796,42;818,49;565;100;1197;31,88;;;462;586,7136;30800;
SBSJ;SBBP;155,568;0,3;;;630;943,53;546,83;;;;;;;67,56032172;93,3408;4504,021448;
SBBP;SBBH;535,228;1;;;1270;338,5;798,15;;;;;;;232,4396783;321,1368;15495,97855;
SBBH;SBGR;618,568;1;7385,36;1421;1380;796,42;515,35;445,2;1220;;;;;0;742,2816;0,01;
SBGR;SBBH;490,78;0,7;;;1130;943,53;798,15;;;;;;;0;588,936;0,01;
SBBH;SBSP;718,576;1,2;7478,91;1439;1470;796,42;765,45;259,2;2900;950,76;26,95;;;0;1293,4368;0,01;
SBSP;SBBH;514,856;0,8;;;1180;943,53;798,15;;;;;;;0;926,7408;0,01;
SBBH;SBMG;1138,98;1,6;16244,55;2678;2000;796,42;741,51;;;;68,94;;4010,33;0;683,388;0,01;
SBBH;SBBE;2144,616;2,9;9880,07;1901;3560;796,42;892,73;159,6;750;;;;;1047,817164;1286,7696;69854,47761;
SBBE;SBCJ;561,156;0,9;12187,41;1870;1280;943,53;629,14;;;1248,36;;;;274,1697761;336,6936;18277,98507;
SBCJ;SBJH;2048,312;2,8;10341,41;940;3350;423;773;;2250;;;;;908,0842105;1713,352744;60538,94737;
SBJH;SBBH;618,568;1;5489,47;833;1280;481,49;798,15;;;;;;;274,2315789;742,2816;18282,10526;
SBBH;SBJH;674,128;1;8310,48;1599;1440;796,42;773;518,4;2250;500;147,88;;;300,660793;404,4768;20044,05286;
SBJH;SBBH;587,084;1;;;1330;481,49;798,15;;;;;;;261,839207;452,05468;17455,94714;
SBBH;SBCJ;1731,62;2,4;9744,94;1875;2830;796,42;629,14;560;;;;;;767,6842105;1038,972;51178,94737;
SBCJ;SBBR;1161,204;1,7;10121,38;920;2020;423;507,16;;807,11;;;;;567,3414179;696,7224;37822,76119;
SBBR;SBBH;600,048;0,9;5146,01;840;1270;943,53;798,15;;;;;;;293,1716418;360,0288;19544,77612;
SBBH;SBGL;375,956;0,6;9323,96;1794;960;796,42;526,31;1346,2;3975;;;;;180,3166838;225,5736;12021,11226;
SBGL;SBJH;594,492;1;;;1470;943,53;773;;2282;;270;;;285,1313079;356,6952;19008,75386;
SBJH;SBGL;411,144;0,7;2372,4;360;1020;481,49;526,31;;7540,81;1263,84;;;;197,1936148;740,0592;13146,24099;
SBGL;SBBH;416,7;0,7;3157,64;558;1080;943,53;798,15;;;;;;;199,8583934;750,06;13323,89289;
SBBH;SBGR;596,344;0,9;9573,43;1842;1380;796,42;515,35;800;720;;;;;297,6161826;357,8064;19841,07884;
SBGR;SBBR;940,816;1,4;;;1770;943,53;507,16;;1187,21;;;;;469,5311203;564,4896;31302,07469;
SBBR;SBRD;798,212;1,2;8223,87;1401;1610;943,53;633,33;;;620;;;;398,3620332;681,2908057;26557,46888;
SBRD;SBDO;614,864;0,9;;;1350;;746,22;320,04;750;758;370;;4681,4;306,8589212;368,9184;20457,26141;
SBDO;SBMG;316,692;0,6;4544,55;417;830;;741,51;;700;;;;;158,0508299;190,0152;10536,72199;
SBMG;SBPG;288,912;0,5;3892;556;830;481,49;;32,29;650;767,16;;;;144,186722;173,3472;9612,448133;
SBPG;SBGR;431,516;0,7;3275,24;400;1040;423;515,35;;720;716,88;;;;215,3558091;421,4807442;14357,05394;
SBGR;SBBH;475,964;0,8;4273,38;600;1100;943,53;798,15;;;;;;;237,5383817;571,1568;15835,89212;
SBBH;SBRJ;424,108;0,7;3835,61;738;1060;796,42;725,89;910;900;;;;;238,6107091;763,3944;15907,38061;
SBRJ;SBTV;848,216;1,3;3271,43;600;1590;796,42;3852;;;;;;;952,1607407;1526,7888;24668,38271;591
SBTV;SBBH;738,948;1,1;10424,33;959;1490;;798,15;;;;;;;904,4936693;1330,1064;21490,57795;591
SBBH;SSQO;324,1;0,6;5337,63;1027;830;796,42;;;;;;;;154,2008197;583,38;10280,05464;
SSQO;SBBH;353,732;0,5;;;850;;798,15;;;;;;;168,2991803;636,7176;11219,94536;
SBBH;SBTV;607,456;1;9511,059;1830;1270;796,42;3852;910;;;;;;380,0785219;1093,4208;25338,56813;
SBTV;SBRJ;996,376;1,5;;;1940;;725,89;;900;;;;;623,4214781;1793,4768;41561,43187;
SBRJ;SBTV;794,508;1,2;11346,43;2081;1670;796,42;3852;;;;;;;928,7311632;1430,1144;23106,41088;591
SBTV;SBRJ;990,82;1,4;;;2000;;725,89;;900;;;;;1014,370308;1783,476;28815,68723;591
SBRJ;SBBH;440,776;0,7;4361,91;800;1150;796,42;798,15;;;;;;;774,4191185;793,3968;12818,94123;591
SBBH;SBPS;614,864;1;8315,68;1600;1320;796,42;544,21;800;2017,82;;;;;309,7639257;368,9184;20650,92838;
SBPS;SBBH;781,544;1,2;;;1620;616,72;798,15;;;;;;;393,7360743;468,9264;26249,07162;
SBBH;SBRJ;416,7;0,7;5540,32;1066;1000;796,42;725,89;;900;;;;;234,4428365;250,02;15629,52243;
SBRJ;SBBH;438,924;0,7;;;1070;796,42;798,15;;;;;;;246,9464544;263,3544;16463,09696;
SBBH;SBFL;1153,796;1,7;8783,44;1690;2130;796,42;693,73;518,4;880;;56,4;;;0;692,2776;0,01;
SBFL;SBSP;514,856;0,8;5419,16;539;1180;943,53;765,45;;2900;;;250;;0;617,8272;0,01;
SBSP;SBBH;511,152;0,8;4969,2;770;1140;943,53;798,15;;;;;;;0;613,3824;0,01;
SBBH;SBSP;722,28;1,2;3227,52;621;1510;796,42;765,45;837,2;2900;;;;;322,8175182;433,368;21521,16788;
SBSP;SBBH;546,34;0,9;5149,83;879;1300;943,53;798,15;;;;;;;244,1824818;655,608;16278,83212;
SBBH;SBCF;98,156;0,3;8055,82;1550;400;796,42;519,53;510;1800;;;;;45,42857143;58,8936;3028,571429;
SBCF;SNSS;451,888;0,7;;;1070;943,53;;12;;298;61,46;;;209,1428571;271,1328;13942,85714;
SNSS;SBCF;448,184;0,8;;;990;;519,53;;1800;;;;;207,4285714;268,9104;13828,57143;
SBCF;SBBH;38,892;0,1;;;220;943,53;798,15;;;;;;;18;23,3352;1200;
SBBH;SBRJ;427,812;0,7;5717,03;1100;1060;796,42;725,89;1386;1600;;;;;209,0948276;256,6872;13939,65517;
SBRJ;SBGR;487,076;0,8;;;1210;796,42;3275,35;;750;1020,24;;;;229,1701245;584,4912;15278,0083;
SBGR;SBRJ;405,588;0,8;6965,61;978;1210;943,53;725,89;;1600;;;;;190,8298755;730,0584;12721,9917;
SBRJ;SBBH;431,516;0,7;3707,63;680;1110;796,42;798,15;688,2;;;;;;210,9051724;776,7288;14060,34483;
SBBH;SBCT;1016,748;1,5;8487,19;1633;1990;796,42;698,44;;1300;;;;;452,9658077;610,0488;30197,72052;
SBCT;SBBH;851,92;1,4;3193,64;501;1660;943,53;798,15;;;;;;;379,5341923;511,152;25302,27948;
SBBH;SBGL;366,696;0,6;5301,25;1020;970;796,42;526,31;400;3975;;;;;186,4726027;220,0176;12431,50685;
SBGL;SBBH;446,332;0,8;;;1170;943,53;798,15;;;;;;;226,9691781;273,6209218;15131,27854;
SBBH;SBRJ;418,552;0,7;6392,8;1220;1040;796,42;725,89;;1600;;;;;212,8251121;502,2624;14188,34081;
SBRJ;SBBH;407,44;0,6;;;980;796,42;798,15;;;;;;;207,1748879;488,928;13811,65919;
SBBH;SBSJ;531,524;0,8;9694;1850;1210;796,42;847,34;986;;;;;;243,011215;318,9144;16200,74766;
SBSJ;SBBH;459,296;0,7;;;1100;943,53;798,15;;;;;;;209,988785;826,7328;13999,25234;
SBBH;SBGL;372,252;0,7;3668;700;1000;796,42;526,31;400;3975;;;;;189,2979452;670,0536;12619,86301;
SBGL;SBBH;437,072;0,7;;;1070;943,53;798,15;;;;;;;222,260274;786,7296;14817,3516;
SBBH;SBCF;127,788;0,3;8069,6;1540;470;796,42;519,53;;1800;;;;;55,07950368;230,0184;3671,966912;
SBCF;SNSS;435,22;0,7;;;1010;943,53;;;;;;;;187,589614;783,396;12505,97426;
SNSS;SBBH;507,448;0,8;;;1170;;798,15;;;;;;;218,7215074;913,4064;14581,43382;
SBBH;SNSS;438,924;0,7;6235,6;1190;1000;796,42;;259,2;;;;;;189,1861213;263,3544;12612,40809;
SNSS;SBCF;450,036;0,6;;;1060;;519,53;;1800;;;;;193,9756434;270,0216;12931,70956;
SBCF;SBBH;55,56;0,2;;;230;943,53;798,15;;;;;;;23,94761029;33,336;1596,507353;
SBBH;SBBR;690,796;1,1;6974,44;1331;1340;796,42;507,16;259,2;1173,13;;;;;360,7091691;414,4776;24047,27794;
SBBR;SBBH;601,9;0,9;3772,98;600;1310;943,53;798,15;502,8;;;;;;314,2908309;722,28;20952,72206;
SBBH;SBGR;611,16;1;7388,4;1410;1330;796,42;515,35;518,4;1120;;;;;0;366,696;0,01;
SBGR;SBBH;477,816;0,8;;;1110;943,53;798,15;;;;;;;0;573,3792;0,01;
SBBH;SNLN;437,072;0,8;9741,16;1859;1130;796,42;335,28;400;;;;;;221,8008299;262,2432;14786,72199;
SNLN;SBVG;631,532;0,9;;;1370;;336,08;;238,37;;;;;320,4834025;378,9192;21365,56017;
SBVG;SBBH;270,392;0,5;;;730;423;798,15;;;;;;;137,2157676;162,2352;9147,717842;
SBBH;SBGL;368,548;0,7;6445,2;1230;910;796,42;526,31;400;900;;;;;195,2803738;294,8384;13018,69159;
SBGL;SBBH;424,108;0,7;;;1070;943,53;798,15;;;;;;;224,7196262;254,4648;14981,30841;
SBBH;SBGL;342,62;0,6;7860;1500;950;796,42;526,31;1152;900;;;;;1255,695704;411,144;11479,7136;1100
SBGL;SNDV;418,552;0,7;;;1070;943,53;520,34;;;429;;;;1293,857995;502,2624;14023,86635;1100
SNDV;SBGL;379,66;0,6;;;940;;526,31;;900;;;;;1274,311456;683,388;12720,76372;1100
SBGL;SBBH;411,144;0,7;3404,34;600;1020;943,53;798,15;;;;;;;1290,134845;740,0592;13775,65632;1100
SBBH;SBIP;175,94;0,4;4385,88;837;570;796,42;865,52;259,2;;303,85;120;;;145,1388889;105,564;9675,925926;
SBIP;SBBH;224,092;0,4;;;700;;798,15;;;;;;;184,8611111;134,4552;12324,07407;
SBBH;SBSP;701,908;1,1;3856,64;736;1390;796,42;765,45;259,2;2900;1116,9;;500;;0;421,1448;0,01;
SBSP;SBBH;540,784;0,9;5561,52;856;1220;943,53;798,15;;;;;500;;0;648,9408;0,01;
SBBH;SBSP;716,724;1,2;3662,76;699;1460;796,42;765,45;400;5800;;;250;;398,0328947;430,0344;26535,52632;
SBSP;SNGX;355,584;0,6;14746,03;2026;960;943,53;;1340,59;;581,74;;;;3756,022789;213,3504;14001,51926;3600
SNGX;SBSI;1381,592;1,9;;;2420;;633,33;;2410;;;;;4362,026044;828,9552;54401,7363;3600
SBSI;SDCO;1548,272;2,2;10220,58;1458;2800;423;471,51;;1000;936,2;200;;;4460,474227;2786,8896;60964,94845;3600
SDCO;SBSP;127,788;0,3;8424,27;1220;510;338,5;765,45;;2900;;;250;;3621,47694;230,0184;5031,795985;3600
SBSP;SBBH;550,044;0,8;;;1300;943,53;798,15;469,12;;;;250;;305,4671053;990,0792;20364,47368;
SBBH;SBSP;800,064;1,3;4716;900;1660;796,42;765,45;259,2;2900;;;250;;341,1476323;480,0384;22743,17549;
SBSP;SBBH;529,672;0,8;5613,49;864;1180;943,53;798,15;;;;;250;;225,8523677;317,8032;15056,82451;
SBBH;SBMK;394,476;0,7;5278,76;1025;990;796,42;629,14;259,2;425;550,2;90;;;177,0900693;236,6856;11806,00462;
SBMK;SBBH;407,44;0,7;;;970;423;798,15;;;;;;;182,9099307;244,464;12193,99538;
SBBH;SNDV;138,9;0,3;5047;980;470;796,42;472,58;400;;;;;;74,84042553;83,34;4989,361702;
SNDV;SBSP;557,452;0,9;;;1230;;765,45;;5800;1206,74;;250;;300,3595745;334,4712;20023,97163;
SBSP;SBBH;500,04;0,8;5815,44;799;1070;943,53;798,15;469,12;;;26,32;250;;567;300,024;37800;
SBBH;SNOS;370,4;0,6;9259,7;1798;1030;796,42;;800;;;;;;174,0812379;444,48;11605,41586;
SNOS;SBRP;142,604;0,3;;;530;;640,38;;1600;740,48;113,48;;;67,0212766;171,1248;4468,085106;
SBRP;SBSP;444,48;0,8;;;1140;796,42;765,45;200;2900;;;250;;208,8974855;800,064;13926,49903;
SBSP;SNDV;490,78;0,8;4883,8;671;1140;943,53;472,58;;;;;250;;264,4361702;883,404;17629,07801;
SNDV;SBBH;118,528;0,3;;;400;;798,15;;;;;;;63,86382979;213,3504;4257,588652;
SBBH;SNXB;327,804;0,6;4784,35;929;900;796,42;;400;;400;200;;;238,0842391;196,6824;15872,28261;
SNXB;SBCF;301,876;0,5;;;820;;563,31;;3000;;;;;219,2527174;362,2512;14616,84783;
SBCF;SBBH;51,856;0,2;;;250;943,53;798,15;;;;;;;37,66304348;31,1136;2510,869565;
SBMG;SBMG;270,392;0,5;;;720;481,49;741,51;;;911,55;;;;0;162,2352;0,01;
SBBH;SDIO;657,46;1;8328,27;1730;1410;796,42;1500;400;;;;;;0;394,476;0,01;
SDIO;SBAU;200,016;0,4;;;620;;598,05;;550;;;;;0;120,0096;0,01;
SBAU;SBBH;705,612;1;2769,48;400;1380;;798,15;;;;;;;0;546,2802581;0,01;
SBMG;SBBH;896,368;1,3;11050;1700;1620;199,17;798,15;;;;73,93;;;0;537,8208;0,01;
SBBH;SBSP;801,916;1,4;3008,77;625;1570;796,42;765,45;538,2;2900;1787,1;24,96;300;;0;481,1496;0,01;
SBSP;SBBH;563,008;0,9;4548,5;827;1200;943,53;798,15;;;;;300;;0;675,6096;0,01;
SBBH;SBJH;694,5;1,1;7558,02;1570;1390;796,42;773;400;2250;1000;240;;;0;416,7;0,01;
SBJH;SBBH;557,452;0,8;;;1220;481,49;798,15;;;;;;;0;668,9424;0,01;
SBBH;SBMO;1392,704;2;5911,63;1228;2310;796,42;722,94;400;3690;4892,16;91,97;;;812,2083429;835,6224;54147,22286;
SBBH;SBPS;627,828;0,9;7307,9;1518;1450;796,42;544,21;259,2;3797,82;2400;40;;;0;376,6968;0,01;
SBPS;SBBH;790,804;1,2;;;1590;616,72;798,15;536;;;170;;;0;1423,4472;0,01;
SBMO;SBBH;1589,016;2,3;9051,03;1406;2680;;798,15;418;;;46,9;;;926,6951571;2860,2288;61779,67714;
SBBH;SBGR;614,864;1;10200,93;2119;1410;796,42;515,35;986;720;;;;;298,5340454;737,8368;19902,26969;
SBGR;SBGL;311,136;0,6;;;820;943,53;554,5871429;;3975;1154,87;;;;151,0654206;373,3632;10071,02804;
SBGL;SBBH;461,148;0,7;;;1090;943,53;798,15;;;;;;;223,900534;553,3776;14926,70227;
SBBH;SBRJ;446,332;0,9;3515,86;734;1090;796,42;725,89;;;;;;;208,2742806;267,7992;13884,95204;
SBBH;SBUL;679,684;1,1;7702,45;1600;1410;796,42;629,14;445,2;860;;27,91;;;285,4102349;407,8104;19027,34899;
SBRJ;SBBR;1229,728;1,8;4429,61;860;2160;796,42;507,16;;;819,5;;;;573,8345324;737,8368;38255,63549;
SBUL;SBBH;424,108;0,8;1927,29;322;1030;796,42;798,15;;;;31,13;;;178,0897651;254,4648;11872,65101;
SBBH;SBJH;707,464;1,1;6521,88;1360;1480;796,42;773;259,2;2250;1000;240;300;;306,7903683;848,9568;20452,69122;
SBBR;SBRJ;974,152;1,5;6687,06;1358;1860;943,53;725,89;723,58;;;;;;454,573741;584,4912;30304,91607;
SBRJ;SBBH;438,924;0,7;3925,14;781;1060;796,42;798,15;;;;;;;204,817446;263,3544;13654,4964;
SBJH;SBBH;600,048;1;;;1330;481,49;798,15;402,16;;;;300;;260,2096317;720,0576;17347,30878;
SBBH;SBGL;392,624;0,7;8492,83;1771;1000;796,42;554,5871429;1662;900;;;;;1527,948718;235,5744;14307,69231;1333,333333
SBGL;SBGR;507,448;0,9;;;1370;943,53;3275,35;;720;784;;;;1590,713595;608,9376;18492,01742;1333,333333
SBGR;SWXQ;474,112;0,8;3290,59;600;1200;943,53;177,27;68,5;;340;117,72;;;1572,491534;568,9344;17277,21335;1333,333333
SWXQ;SN4Q;116,676;0,3;6787,2;707;480;;;;1000;;;;;1377,110547;70,0056;4251,814224;1333,333333
SBBH;SBGV;246,316;0,5;9399,18;1960;770;796,42;699,82;536,64;575;494,4;;;;117,2803218;295,5792;7818,688119;
SBGV;SDAM;759,32;1,2;;;1580;;;;700;1148,32;;;;361,5408416;1366,776;24102,72277;
SN4Q;SBGL;624,124;1;;;1380;;554,5871429;;900;;80;;;1654,490808;1123,4232;22743,83164;1333,333333
SBGL;SBBH;437,072;0,8;3574,82;667;1090;943,53;798,15;;;;;;;1552,244799;786,7296;15927,43106;1333,333333
SBBH;SBTV;627,828;1;8665,11;1809;1320;796,42;4131;400;;;;;;343,2718272;376,6968;22884,78848;
SDAM;SBBH;490,78;0,8;;;1150;;798,15;;;;;;;233,6788366;294,468;15578,58911;
SBTV;SBRJ;996,376;1,4;;;1880;;725,89;;1120;;;;;544,7794779;597,8256;36318,63186;
SBRJ;SBBH;433,368;0,7;3193,44;620;1030;796,42;798,15;;;;;;;236,9486949;260,0208;15796,57966;
SBBH;SBBR;737,096;1,2;6945,5;1450;1480;796,42;507,16;400;1689,3;;;;;380,0256129;442,2576;25335,04086;
SBBR;SBBH;638,94;1;;;1330;943,53;798,15;;;;;;;329,4191871;383,364;21961,27914;
SBBH;SBIP;183,348;0,4;4263,1;890;620;796,42;859,2;259,2;;541,78;35,21;;;147,1621622;110,0088;9810,810811;
SBIP;SBBH;227,796;0,4;;;720;;798,15;;;;40;;;182,8378378;136,6776;12189,18919;
SBBH;SBFL;1153,796;1,7;9853,03;2057;2100;796,42;699,12;400;2230;1799,98;;;;795,0394495;692,2776;53002,62997;
SBBH;SBGL;353,732;0,6;9218,23;1937;1020;796,42;554,5871429;1026;3975;;;;;1235,084707;636,7176;16672,31383;1000
SBGL;SBGV;475,964;0,8;;;1260;943,53;466,02;;1215;;;;;1277,098271;856,7352;19473,21809;1000
SBGV;SBGL;518,56;0,9;;;1180;423;554,5871429;;7475;600;144,91;;;1303,239362;622,272;21215,95745;1000
SBFL;SBSV;1874,224;2,7;8292,51;1249;3090;943,53;607,78;412;3200;1366,2;120;;;1291,46055;1124,5344;86097,37003;
SBGL;SBBH;418,552;0,7;4287,64;800;1020;943,53;798,15;;;;71,58;;;78,56433409;251,1312;5237,622272;
SBBH;SBRJ;405,588;0,7;8885,45;1855;1090;796,42;725,89;400;1600;;;;;76,13092551;362,1995163;5075,395034;
SBRJ;SBGL;98,156;0,2;;;410;796,42;554,5871429;;7540,81;980,7;64,74;;;18,42437923;117,7872;1228,291949;
SBGL;SBJH;594,492;1;;;1530;943,53;773;;2250;1810;167,4;;;1349,838697;356,6952;24322,57979;1000
SBJH;SBRJ;405,588;0,7;8888,84;1436;1040;481,49;983;1709,4;1600;;120;;;76,13092551;730,0584;5075,395034;
SBRJ;SBBH;479,668;0,8;;;1210;796,42;798,15;821,4;;;;;;90,03611738;863,4024;6002,407825;
SBBH;SBJH;653,756;1;8104,68;1692;1450;796,42;773;;2250;;;;;122,7133183;1176,7608;8180,887886;
SBJH;SBGL;396,328;0,7;;;980;481,49;554,5871429;1037,85;3975;;;;;1228,225798;713,3904;16215,05319;1000
SBGL;SBBH;446,332;0,8;1275,57;238;1100;943,53;798,15;;;;;;;1258,913165;803,3976;18260,87766;1000
SBBH;SBIL;792,656;1,2;8751,91;1818;1580;796,42;773,89;672;;;;;;3285,952895;475,5936;30819,08191;2866,666667
SBIL;SNZK;605,604;0,9;;;1190;338,5;;;;284;;;;3176,861986;363,3624;23546,35464;2866,666667
SBSV;SDIY;150,012;0,4;5616,61;970;580;796,42;429,71;;;610;141,18;;;100,410218;180,0144;6694,014536;
SDIY;SBMO;468,556;0,8;;;1120;;722,94;;2230;2704;159,25;;;313,6269773;372,8076;20908,46516;
SNZK;SBBH;659,312;1,1;;;1350;;798,15;;;;320;;;3208,185119;395,5872;25634,56346;2866,666667
SBBH;SNDV;188,904;0,4;6116,83;1277;640;796,42;506,46;259,2;550;;39;;;85,77512953;226,6848;5718,341969;
SNDV;SBBH;114,824;0,3;;;410;;798,15;;;;37;;;52,13782383;137,7888;3475,854922;
SBBH;SNLN;422,256;0,7;8305,86;1734;1070;796,42;335,28;400;;;;;;191,7326425;253,3536;12782,17617;
SNLN;SBRJ;629,68;1;;;1380;;983;;1600;;;;;285,9170984;755,616;19061,1399;
SBMO;SBSL;1172,316;1,7;9978,01;1550;2230;796,42;703,87;368;2570;1344;85;;;784,6872595;703,3896;52312,48397;
SBRJ;SBBH;431,516;0,7;;;1030;796,42;798,15;;;;;;;195,9373057;517,8192;13062,48705;
SBBH;SBZM;224,092;0,4;4239,15;885;640;796,42;1794,92;259,2;;358;60;;;194,7126437;134,4552;12980,84291;
SBSL;SBAR;1235,284;1,8;7549,56;1187;2280;796,42;619,81;249,04;3759,55;1946;70,61;;;826,8347584;741,1704;55122,31723;
SBZM;SBBH;259,28;0,5;;;730;423;798,15;;;;;;;225,2873563;311,136;15019,15709;
SBBH;SBGR;574,12;0,9;9522,52;1988;1350;796,42;3851,99;400;1250;980;48,89;;;290,2617188;344,472;19350,78125;
SBGR;SBTV;1096,384;1,6;3290,59;600;2000;943,53;3852;;;;;;;554,30625;1973,4912;36953,75;
SBTV;SBBH;700,056;1,1;1739,2;160;1390;;798,15;;;;;;;353,9320313;1260,1008;23595,46875;
SBAR;SBBH;1305,66;1,9;13385,88;1403;2430;616,72;798,15;419,98;;;236,55;;;873,9407867;783,396;58262,71911;
SBBH;SBBR;837,104;1,3;8683,62;1771;1670;796,42;507,16;400;1173,13;;;;;433,8641975;502,2624;28924,27984;
SBBR;SNXB;692,648;1;;;1320;943,53;;;;;;;;358,9938272;415,5888;23932,92181;
SNXB;SBBH;270,392;0,5;;;670;;798,15;;;;;;;140,1419753;162,2352;9342,798354;
SBBH;SBMG;1201,948;1,7;10772,39;2197;2110;796,42;741,51;226;;607,7;82,98;;;0;721,1688;0,01;
SBBH;SBPS;683,388;1,1;7232,26;1475;1530;796,42;544,21;685;2469,6;800;;;;341,593091;410,0328;22772,87273;
SBPS;SBMK;627,828;0,9;1965,64;313;1290;616,72;629,14;;;;;;;313,821295;376,6968;20921,41967;
SBMK;SBBH;409,292;0,7;4205,52;686;1090;423;798,15;;;;;;;204,585564;491,1504;13639,0376;
SBBH;SBRP;501,892;0,8;5403,35;1102;1190;796,42;593,48;342,5;800;;;;;286,1441176;903,4056;19076,27451;
SBRP;SBBH;442,628;0,7;;;1050;796,42;798,15;;;;;;;252,3558824;796,7304;16823,72549;
SBBH;SSXH;698,204;1;9193,55;1875;1450;796,42;;800;;600;150;;100;354,5477749;1256,7672;23636,51832;
SSXH;SBBH;716,724;1,1;;;1530;;798,15;;;;;;;363,9522251;430,0344;24263,48168;
SBBH;SBBR;811,176;1,2;8237,42;1680;1630;796,42;507,16;400;1187,21;;;;;5031,27628;486,7056;33351,75202;4600
SBBR;SBBH;563,008;1;;;1230;943,53;798,15;;;;;;;4878,22372;675,6096;23148,24798;4600
SBMG;SBBH;938,964;1,3;8159,55;1227;1680;616,72;798,15;;;607,7;;;;0;563,3784;0,01;
SBBH;SWGN;1622,352;2,2;7845,16;1600;2760;796,42;468,9;452,5;800;1120;100;;29,99;733,9841292;973,4112;48932,27528;
SBBH;SBGL;364,844;0,6;9193,55;1875;990;796,42;559,3;1237;900;;;;;1890,526053;437,8128;16371,73684;1670
SBGL;SNGX;509,3;0,9;;;1280;943,53;;;;;;;;1987,759211;611,16;22853,94737;1670
SNGX;SBGR;279,652;0,5;;;780;;541,99;;;784;;;;0;335,5824;0,01;
SBGR;SBBH;500,04;0,8;3317,43;592;1150;943,53;798,15;;;;;;;0;300,024;0,01;
SBBH;SNGX;390,772;0,6;6393,81;1304;900;796,42;;;;;;;;0;234,4632;0,01;
SNGX;SBGV;546,34;0,9;;;1140;;510,48;;;968,2;;;;2012,690789;327,804;24516,05263;1670
SBGV;SBCF;274,096;0,5;3946;500;770;423;550,23;;;;;;;1829,443684;493,3728;12299,57895;1670
SBCF;SBBH;64,82;0,2;;;320;943,53;798,15;;;;;;;1688,580263;116,676;2908,684211;1670
SWGN;SBBH;1533,456;2,1;10854;1620;2730;282,32;798,15;350;;;;;;693,7658208;2760,2208;46251,05472;
SBBH;SBVT;383,364;0,7;5099,35;1040;970;796,42;760,45;342,5;1399;;;;;200,0769231;368,02944;13338,46154;
SBVT;SBBH;496,336;0,8;;;1140;796,42;798,15;;;;;;;259,0367893;297,8016;17269,11929;
SBBH;SBRP;509,3;0,8;7600;1550;1180;796,42;593,48;;800;;;;;279,4103774;305,58;18627,35849;
SBRP;SBBH;472,26;0,8;;;1040;796,42;798,15;;;;;;;259,0896226;283,356;17272,64151;
SBBH;SNXB;292,616;0,5;5452,39;1112;810;796,42;;586;;;;;;216,8627451;175,5696;14457,51634;
SNXB;SBBH;274,096;0,5;;;790;;798,15;;;;;;;203,1372549;328,9152;13542,48366;
SBBH;SBRJ;424,108;0,8;3937,29;803;1070;796,42;983;422;1370;;;;;205,0746269;508,9296;13671,64179;
SBBH;SBME;372,252;0,6;5717,16;1166;970;796,42;879,61;685;;454,43;32,43;;;194,277592;446,7024;12951,83946;
SBRJ;SBBH;444,48;0,7;;;1070;796,42;798,15;;;;;;;214,9253731;533,376;14328,35821;
SBME;SBBH;409,292;0,7;;;1180;;798,15;;;;;;;213,6086957;383,3368976;14240,57971;
SBBH;SBBR;742,652;1,2;8345,29;1702;1520;796,42;796,42;400;1203,16;;;;;390,8097527;445,5912;26053,98352;
SBBR;SBBH;605,604;0,9;;;1340;943,53;798,15;;;;;;;318,6902473;363,3624;21246,01648;
SBBH;SSRS;1968,676;2,6;9938,84;2027;3370;796,42;;790;;3120;160;;;1161,362803;1181,2056;77424,1869;
SBBH;SDAM;553,748;0,9;7702,97;1571;1250;796,42;546,83;400;;;;;;287,702109;332,2488;19180,1406;
SDAM;SBBH;500,04;0,9;;;1260;338,5;798,15;;;;;;;259,797891;300,024;17319,8594;
SBBH;SBIP;224,092;0,4;8188,39;1670;690;796,42;966,64;1271;;541,78;;;;136,6129032;134,4552;9107,526882;
SBIP;SNDT;207,424;0,4;;;690;;;15;;1065;129,2;;;126,4516129;124,4544;8430,107527;
SNDT;SBBH;257,428;0,5;;;770;;798,15;;;;24,49;;;156,9354839;463,3704;10462,36559;
SSRS;SBBH;2074,24;2,8;21988;1912;3660;;798,15;;;;220;;817,71;1223,637197;3733,632;81575,8131;
SBBH;SBPS;613,012;1;9070,97;1850;1370;796,42;544,21;400;2469,6;;;;;295,4869067;367,8072;19699,12711;
SBPS;SBBH;811,176;1,2;;;1610;616,72;798,15;;;;;;;391,0068433;486,7056;26067,12289;
SBBH;SBGR;596,344;0,9;3549,92;724;1320;796,42;515,35;342,5;720;;;;;319,7443082;357,8064;21316,28722;
SBGR;SBBH;461,148;0,8;;;990;943,53;798,15;;;;;;;247,2556918;276,6888;16483,71278;
SBBH;SBIL;727,836;1;7845,16;1600;1450;796,42;773,89;910;;;;;;394,1696429;436,7016;26277,97619;
SBIL;SIRI;111,12;0,3;5880,52;906;410;338,5;3028;;;;;;;60,17857143;66,672;4011,904762;
SIRI;SBIL;112,972;0,3;;;420;;2066,26;;;1150;;;400;61,18154762;67,7832;4078,769841;
SBBH;SBVG;279,652;0,5;4702,19;959;850;796,42;336,08;342,5;;;;;;214,2567568;167,7912;14283,78378;
SBVG;SBBH;259,28;0,4;;;720;423;798,15;;;;;;;109,5493934;155,568;7303,292894;
SBBH;SBRJ;425,96;0,7;7850,07;1601;1110;796,42;983;;1600;;;;;179,9740035;255,576;11998,2669;
SBRJ;SBVG;383,364;0,6;;;950;796,42;336,08;;300;;;;;161,9766031;230,0184;10798,44021;
SBVG;SBBH;268,54;0,5;;;680;423;798,15;;;;;;;205,7432432;161,124;13716,21622;
SBIL;SBBH;914,888;1,3;;;1800;338,5;798,15;54;;;;;;495,4702381;548,9328;33031,34921;
SBBH;SIRI;805,62;1,2;9458,33;1929;1560;796,42;;510;;;;;;442,0846906;966,744;29472,3127;
SIRI;SBGO;1342,7;1,9;2123;228,28;2340;;703,87;;2000;730,72;86,75;;;736,8078176;1611,24;49120,52117;
SBGO;SBBH;694,5;1;4205,33;785;1350;796,42;798,15;;;;;;;381,1074919;416,7;25407,16612;
SBBH;SDCO;631,532;1;7943,23;1620;1350;796,42;471,51;800;1000;;;;;366,2894737;378,9192;24419,29825;
SDCO;SBJH;42,596;0,1;;;270;549,84;773;;2250;;;300;;0;25,5576;0,01;
SBJH;SBBH;568,564;0,9;1258;200;1140;481,49;798,15;;;;;300;;0;341,1384;0,01;
SBBH;SBTD;1333,44;1,9;8041,29;1640;2440;796,42;;738,7;800;540;150;;;811,4171946;1295,678867;54094,47964;
SBTD;SBAQ;640,792;1;9909;1101;1470;423;645,07;;1700;525;32,94;;;389,9310407;768,9504;25995,40271;
SBBH;SBPS;629,68;1;6947,87;1417;1340;796,42;544,21;685;2469,6;;;;;303,5212939;377,808;20234,75293;
SBPS;SBBH;794,508;1,2;;;1770;616,72;798,15;;;;;;;382,9724561;476,7048;25531,49707;
SBBH;SBJH;698,204;1,1;10066,33;2053;1440;796,42;773;910;2250;;;300;;361,6944444;418,9224;24112,96296;
SBJH;SBGR;148,16;0,4;;;490;481,49;515,35;;1220;;;300;;76,75213675;88,896;5116,809117;
SBGR;SBBH;453,74;0,7;1456,98;260;1010;943,53;798,15;;;;;;;235,0534188;272,244;15670,22792;
SBAQ;SBMG;631,532;1,1;;;1180;;741,51;;;607,7;59,73;;;0;378,9192;0,01;
SBMG;SBAQ;437,072;0,8;14350,7;2158;1070;616,72;2361,48;;;;30,08;;;0;524,4864;0,01;
SBAQ;SSIM;964,892;1,4;;;1960;481,49;515,02;12;;1196;64,04;;;587,1504977;1157,8704;39143,36652;
SBBH;SBBR;740,8;1,1;8310,97;1695;1580;796,42;507,16;342,5;1460;854,28;;;;0;444,48;0,01;
SSIM;SBVT;1153,796;1,7;10846,65;1299;2260;;839,07;20;2248;3565,8;39,87;;350;702,101267;2076,8328;46806,75113;
SBBR;SBJH;905,628;1,3;5307,96;994;1760;943,53;773;;2250;;;;;0;1630,1304;0,01;
SBJH;SBBH;529,672;0,9;;;1170;481,49;798,15;234,56;;;;;;307,2105263;953,4096;20480,70175;
SBBH;SBRJ;435,22;0,8;4903,23;1000;1000;796,42;1033,82;400;1600;;;;;271,2796392;783,396;18085,30928;
SBRJ;SBBH;463;0,8;;;1120;796,42;798,15;;;;;;;257,6675258;833,4;17177,83505;
SBBH;SBGR;600,048;0,9;8335,49;1700;1420;796,42;515,35;342,5;720;;;;;567;1080,0864;37800;
SBGR;SBBR;977,856;1,4;;;1890;943,53;507,16;;1865;370,44;50,18;;;0;1760,1408;0,01;
SBBR;SBBH;561,156;0,9;5175,98;1028;1250;943,53;798,15;269,74;;;37,45;;;0;336,6936;0,01;
SBBH;SBTV;614,864;1;9237,68;1884;1370;796,42;3852;510;;;;;;309,6513619;368,9184;20643,42412;
SBTV;SBGR;1248,248;1,8;3261;300;2220;;515,35;;720;;;;;628,629572;748,9488;41908,63813;
SBGR;SBBH;516,708;0,9;2827,92;400;1140;943,53;798,15;;;;;;;260,2190661;310,0248;17347,93774;
SBVT;SBTD;1879,78;2,8;10979,54;1300;3060;796,42;;606;800;540;142,46;;;830,020389;1141,456771;55334,6926;
SBTD;SNDV;918,592;1,3;16137;1793;1840;423;510,75;;600;506;36,4;;;405,6060226;1102,3104;27040,40151;
SNDV;SBBH;153,716;0,3;;;510;;798,15;;;;13,97;;;67,87358846;92,2296;4524,905897;
SBBH;SBBP;546,34;0,8;2745,8;560;1220;796,42;643,2;400;950;1015,58;;;;277,8867403;327,804;18525,78269;
SBBP;SBBH;459,296;0,8;5898,74;722;1100;338,5;798,15;;;;;;;233,6132597;551,1552;15574,21731;
SBBH;SBGL;385,216;0,7;7399,56;1450;960;796,42;559,3;;900;;;;;230,8353222;231,1296;15389,02148;
SBGL;SBBH;390,772;0,6;;;1010;943,53;798,15;;;;;;;234,1646778;234,4632;15610,97852;
SBBH;SBRP;509,3;0,8;8930,51;1750;1130;796,42;593,48;342,5;1600;;;;;2785,984277;611,16;25943,39623;2433,333333
SBRP;SBCF;433,368;0,7;;;1090;796,42;558,65;;2400;;;;;2727,965409;780,0624;22075,4717;2433,333333
SBCF;SBBH;38,892;0,1;;;210;943,53;798,15;;;;;;;2426,550314;70,0056;1981,132075;2433,333333
SBBH;SDSC;555,6;0,9;5766,55;1130;1270;796,42;1355,51;586;;;;;;342,7570093;666,72;22850,46729;
SDSC;SBLO;424,108;0,7;;;1080;481,49;703,87;;1000;718,94;60,35;;;261,6378505;763,3944;17442,52336;
SBLO;SBGR;605,604;1;3989,4;630;1390;796,42;3405,27;;;810;15,61;;;373,6051402;1090,0872;24907,00935;
SBGR;SBBH;496,336;0,8;3831,33;660;1110;943,53;798,15;442,24;;;41,78;;;567;297,8016;37800;
SBBH;SBBR;833,4;1,2;6057,43;1187;1790;796,42;507,16;400;1920;1450,14;19,56;300;;426,9748654;500,04;28464,99102;
SBBR;SSGG;1333,44;1,8;7047;1350;2320;943,53;50,25;269,74;;508,2;42,08;;;683,1597846;858,2504728;45543,98564;
SSGG;SBBH;927,852;1,3;9945;1020;1630;;798,15;35,99;;;10,38;;;475,3653501;556,7112;31691,02334;
SBBH;SBBR;814,88;1,2;5827,79;1142;1610;796,42;507,16;342,5;2313,41;991,2;67,59;;;404,7169811;488,928;26981,13208;
SBBH;SBBR;685,24;1,1;7159,71;1403;1380;796,42;507,16;400;1748,31;1982,4;31,97;;;389,9410237;411,144;25996,06825;
SBBR;SBBH;563,008;0,9;;;1180;943,53;798,15;715,53;;;;;;320,3839763;337,8048;21358,93175;
SBBR;SBBH;559,304;0,9;3838,17;735;1200;943,53;798,15;715,53;;;;;;277,7830189;1006,7472;18518,86792;
SBBH;SBMO;1413,076;2;8287,51;1624;2420;796,42;722,94;400;3067;3550,56;;;;827,4278937;2543,5368;55161,85958;700
SBBH;SBUR;581,528;0,9;5465,47;1071;1290;796,42;629,14;342,5;;;;;;0;348,9168;0,01;
SBUR;SBBR;553,748;0,9;;;1180;481,49;507,16;;1187,21;;;;;0;332,2488;0,01;
SBBR;SBPS;938,964;1,4;9979,26;1911;1880;943,53;544,21;;3696,48;750;40,06;;;0;748,9618729;0,01;
SBPS;SBBH;755,616;1,1;;;1560;616,72;798,15;460;;;;;;0;453,3696;0,01;
SBBH;SBIP;175,94;0,4;4256,02;834;590;796,42;859,2;342,5;;541,78;100;;;154,7511312;105,564;10316,74208;
SBMO;SBBH;1514,936;2,2;7451,16;1100;2560;796,42;798,15;39,15;;;;;;887,0721063;908,9616;59138,14042;700
SBIP;SBBH;233,352;0,4;;;690;;798,15;;;;;;;205,2488688;140,0112;13683,25792;
SBBH;SBBR;838,956;1,3;8675,35;1700;1550;796,42;507,16;400;1703,39;;;;;405,738189;503,3736;27049,2126;
SBBR;SBBH;572,268;0,9;;;1200;943,53;798,15;;;;;;;276,761811;343,3608;18450,7874;
SBBH;SBAX;429,664;0,7;7399,56;1450;1050;796,42;665,92;567,76;;;;;;298,039604;257,7984;19869,30693;
SBBH;SBAX;433,368;0,7;5613,46;1100;1070;796,42;639,82;342,5;;;70;;;0;260,0208;0,01;
SBAX;SBBH;324,1;0,5;;;860;481,49;798,15;;;;157;;;0;583,38;0,01;
SBAX;SBBH;318,544;0,6;;;790;481,49;798,15;30;;;;;;220,960396;573,3792;14730,69307;
SBBH;SBMK;440,776;0,7;5103,15;1000;1040;796,42;629,14;342,5;425;703,5;;;;214,9677419;264,4656;14331,1828;
SBBH;SBJD;609,308;1;5613,46;1100;1360;796,42;580,35;400;800;860;;;;363,9356187;365,5848;24262,37458;
SBMK;SBBH;420,404;0,7;1299,5;204;1020;423;798,15;;;;;;;205,0322581;252,2424;13668,8172;
SBJD;SBBH;498,188;0,9;;;1170;616,72;798,15;;;;;;;297,5643813;597,8256;19837,62542;
SBBH;SBBH;983,412;1,5;4745,92;930;1800;796,42;798,15;;;;;;;0;590,0472;0,01;
SBBH;SBPC;435,22;0,7;7333,22;1437;980;796,42;33,7;400;;;;;;229,7275641;261,132;15315,17094;
SBPC;SNGX;79,636;0,2;;;290;;;;;;;;;42,03525641;47,7816;2802,350427;
SNGX;SBBH;351,88;0,6;;;850;;798,15;;;;;;;185,7371795;422,256;12382,47863;
SBBH;SBTG;985,264;1,4;7414,87;1453;1860;514,1;410,5;968,27;;750,2;46;;;533,8732394;1182,3168;35591,5493;
SBTG;SNLN;1168,612;1,7;11297,5;973;2220;;864,16;;;1444,8;16,65;;;633,221831;1402,3344;42214,78873;
SNLN;SBBH;475,964;0,8;7385,4;746;1150;;798,15;;;;25,6;;;257,9049296;856,7352;17193,66197;
SBBH;SWNB;951,928;1,3;5633,87;1104;1890;796,42;;342,5;800;630;135;;;525,2293942;999,5244;35015,29295;
SWNB;SBBH;913,036;1,4;8897,7;1115;1870;;798,15;;;;135;;;503,7706058;1095,6432;33584,70705;
SBBH;SBJH;616,716;1;9007,05;1765;1370;796,42;773;400;2670;;;;;0;370,0296;0,01;
SBJH;SBDN;557,452;0,8;;;1180;481,49;785,01;;;1260;23,67;;;0;334,4712;0,01;
SBBH;SBTV;618,568;1;5085,9;1000;1290;796,42;4078;400;;;;;;331,3333333;371,1408;22088,88889;0
SBTV;SBBH;800,064;1,2;6674,18;614;1630;;798,15;;;;;;;428,5508982;480,0384;28570,05988;0
SBDN;SBBH;798,212;1,2;3483,21;550;1520;616,72;798,15;128,89;;;;;;0;1436,7816;0,01;
SBBH;SBKP;625,976;1;7611,51;1540;1260;796,42;523,37;342,5;1410;;;;;312,7055921;375,5856;20847,03947;
SBKP;SBBH;500,04;0,8;;;1070;943,53;798,15;;;;;;;315,7944079;300,024;21052,96053;
SBBH;SBRJ;451,888;0,7;7458,29;1509;1180;796,42;1491,2;342,5;1600;525;78,78;;;227,6035861;271,1328;15173,57241;
SBRJ;SBBH;425,96;0,7;;;1120;796,42;798,15;;;;;;;214,5443639;511,152;14302,95759;
SBBH;SBBR;687,092;1,1;7067,83;1430;1460;796,42;538,61;400;2365;;;;;367,4810047;412,2552;24498,73364;
SBBR;SBBH;679,684;1,1;;;1430;943,53;798,15;;;;;;;363,5189453;583,4825723;24234,59636;
SBBH;SBTV;616,716;1;5441,73;1101;1270;796,42;6246;342,5;;2880;;;;393,6501;370,0296;26243,34;
SBBH;SBTV;653,756;1;6207,83;1256;1570;796,42;5247;400;;960;360;;;344,0049267;392,2536;22933,66178;
SBTV;SBBH;725,984;1,1;8043,8;740;1530;;798,15;452;;;;;;388,8702595;435,5904;25924,68397;0
SBBH;SBTV;638,94;1;8105,76;1640;1310;796,42;4608;626;;;;;;342,245509;1150,092;22816,36727;0
SBTV;SBBH;753,764;1,1;;;1530;;798,15;;;;;;;396,6289098;1356,7752;26441,92732;
SBBH;SBTV;638,94;1;7759,78;1570;1320;796,42;4608;400;;;;;;336,2087811;1150,092;22413,91874;
SBTV;SBBH;740,8;1,1;;;1580;;798,15;;;;;;;389,8072824;1333,44;25987,15216;
SBTV;SBGR;1213,06;1,8;7706,83;709;2110;;551,37;446;720;;180;;;912,3972973;2183,508;60826,48649;
SBGR;SBKP;172,236;0,4;3807,79;677;630;943,53;611,59;;1670;1176;;;;0;310,0248;0,01;
SBKP;SBBH;500,04;0,8;1095,64;180;1100;943,53;798,15;;;;;300;;376,1027027;600,048;25073,51351;
SBBH;SBSP;690,796;1,1;5189,66;1050;1440;796,42;765,45;400;5800;2081;;600;;350,5456288;414,4776;23369,70859;
SBBH;SBBR;779,692;1,2;6425,3;1300;1460;796,42;538,61;342,5;2382;;;;;378,6605034;467,8152;25244,03356;
SBBR;SBBH;603,752;0,9;2541,19;501;1380;943,53;798,15;;;;;;;293,2145466;724,5024;19547,63644;
SBSP;SBBH;516,708;0,8;3226,37;625;1140;943,53;798,15;;;;;600;;262,2043712;484,41375;17480,29141;
SBBH;SBGR;575,972;0,9;8708,75;1762;1400;796,42;551,37;400;1220;;;;;1969,905566;691,1664;27282,47276;1584,435
SBGR;SBGV;711,168;1,1;3655,93;650;1570;943,533;866,82;120,8;529;760;30;;;2065,964434;853,4016;33686,39724;1584,435
SBGV;SBGR;842,66;1,2;1183,8;150;1610;423;551,37;;700;;;;;2141,020689;505,596;38690,14763;1584,435
SBGR;SBBH;485,224;0,8;3487,19;620;1070;943,53;798,15;;;;;;;1894,849311;582,2688;22278,72237;1584,435
SBBH;SBRJ;437,072;0,8;9064,61;1834;1080;796,42;983;;1120;;;;;223,5789474;262,2432;14905,26316;
SBRJ;SBZM;222,24;0,5;;;680;796,42;783;;;;;;;0;133,344;0,01;
SBZM;SBCB;244,464;0,6;;;730;423;625,7;;;;;;;0;146,6784;0,01;
SBCB;SBRJ;194,46;0,5;1594;200;580;481,49;1338,74;;1120;1157,7;;;377,44;0;116,676;0,01;
SBRJ;SBCF;442,628;0,8;2309,09;433;1080;796,42;617,59;904,65;3400;;;;;226,4210526;531,1536;15094,73684;
SBBH;SBCF;107,416;0,3;5931,04;1200;450;796,42;550,23;400;2200;;;;;883,3006963;193,3488;4164,490862;833,3333333
SBCF;SBGV;224,092;0,4;;;720;943,53;1067,22;;400;;;;;951,1531767;403,3656;8687,989556;833,3333333
SBCF;SBGV;227,796;0,5;5545,35;900;700;943,53;466,02;400;400;;111,69;;;993,4098639;410,0328;11505,10204;833,3333333
SBGV;SBBH;316,692;0,5;;;880;423;798,15;;;;;;;1060,756803;570,0456;15994,89796;833,3333333
SBGV;SBCF;285,208;0,5;;;750;423;550,23;240;2400;;50;;;986,6949521;171,1248;11057,44125;833,3333333
SBCF;SBBH;92,6;0,3;;;340;943,53;;;;;;;;874,6845083;55,56;3590,078329;833,3333333
SBBH;SBGR;622,272;1;7596,68;1537;1390;796,42;3311,37;342,5;720;1125,8;;;;313,8583196;373,3632;20923,88797;
SBGR;SBBH;501,892;0,9;;;1090;943,53;798,15;;;;;;;253,1416804;602,2704;16876,11203;
SBBH;SWKT;570,416;0,9;5928;1200;1170;796,42;;400;;1020;45;;;308,7549294;342,2496;20583,66196;
SBBH;SBGL;388,92;0,8;8975,65;1816;970;796,42;559,3;952;4250;;;;;1481,911765;233,352;16710,78431;1250
SBGL;SBZM;188,904;0,4;;;670;943,53;1106,84;;;358;100;;;1353;226,6848;8116,666667;1250
SBZM;SBGL;177,792;0,3;;;540;423;559,3;;4250;;;;;1345,838235;320,0256;7639,215686;1250
SBGL;SBBH;377,808;0,6;;;900;943,53;798,15;;;;;;;1474,75;680,0544;16233,33333;1250
SWKT;SBBH;468,556;0,8;;;1030;;798,15;15;;;;;;253,6201206;843,4008;16908,00804;
SBBH;SBJH;659,312;1;8896,57;1800;1430;796,42;773;800;2250;;29,95;;;403,7939042;395,5872;26919,59361;
SBJH;SBCF;566,712;0,9;1610;250;1270;481,49;604,96;;3400;;153,97;;;347,0812772;680,0544;23138,75181;
SBBH;SBGL;392,624;0,7;3212,65;650;1000;796,42;559,3;576;1330;;;;;212,8153846;235,5744;14187,69231;
SBGL;SULS;2233,512;3;7032;1758;3550;2015,26;9679,15;;5349,23;3286,33;;;767,32;1210,638462;1340,1072;80709,23077;
SBCF;SBBH;50,004;0,2;;;290;943,53;798,15;;;;165,61;;;30,62481858;30,0024;2041,654572;
SBBH;SBGO;798,212;1,2;7265,53;1470;1580;796,42;698,44;342,5;2640;1792;7,94;;;405,4180645;478,9272;27027,87097;
SBGO;SBBH;637,088;1;;;1270;796,42;798,15;410;;;29,85;;;323,5819355;579,5445677;21572,12903;
SBBH;SBPS;650,052;1;8199,67;1659;1430;796,42;544,21;342,5;2469,6;;;;;0;390,0312;0,01;
SULS;SBGL;1690,876;2,4;10490,96;1959;2850;;1227,01;;2100;;554,79;;;916,5115385;1014,5256;61100,76923;
SBGL;SBGR;479,668;0,9;8714,19;1567;1200;4943,13;551,37;;700;;;;;315;287,8008;21000;
SBGR;SBBH;498,188;0,8;;;1130;943,53;798,15;;;;;;;270,0346154;298,9128;18002,30769;
SBPS;SBBH;761,172;1,1;;;1610;616,72;798,15;;;;;;;0;913,4064;0,01;
SBBH;SBBR;703,76;1,1;6529,09;1318;1490;796,42;538,61;400;1748,31;924;33,96;;;374,6853147;422,256;24979,02098;
SBBR;SBBH;620,42;0,9;;;1330;943,53;798,15;495,72;;;27,96;;;330,3146853;372,252;22020,97902;
SBBH;SBGV;251,872;0,5;6306,17;1273;770;796,42;633,02;562;400;782,8;;;;2070,166667;302,2464;22000;1766,666667
SBGV;SBCF;261,132;0,5;;;780;423;550,23;;2200;;;;;2081,416667;313,3584;22750;1766,666667
SBCF;SBBH;46,3;0,1;;;210;943,53;798,15;;;;;;;1820,416667;27,78;5350;1766,666667
SBBH;SBSP;711,168;1,1;7425,73;1499;1520;796,42;765,45;400;3800;;;;;370,2857143;426,7008;24685,71429;
SBSP;SBBH;559,304;0,9;;;1180;943,53;798,15;;;;;;;291,2142857;671,1648;19414,28571;
SBBH;SBBR;713,02;1,1;6553,86;1323;1450;796,42;538,61;910;1219,12;;;;;374,1883562;427,812;24945,89041;
SBBR;SBBH;638,94;1;;;1360;943,53;798,15;;;;;;;335,3116438;766,728;22354,10959;
SBBH;SBRJ;427,812;0,8;7926,06;1600;1130;796,42;983;342,5;1120;;;;;1978,595347;256,6872;15348,02314;1775
SBRJ;SDCO;581,528;0,9;;;1310;796,42;496,15;;1000;;;;;2061,315212;348,9168;20862,68081;1775
SDCO;SBGL;475,964;0,9;5466,24;816;1110;616,72;559,3;;3975;;;;;2004,507594;285,5784;17075,50627;1775
SBGL;SBBH;435,22;0,7;2713,74;489;1090;943,53;798,15;;;;;;;1982,581847;261,132;15613,78978;1775
SBBH;SBJH;631,532;1;7504,99;1515;1360;796,42;773;400;2250;2047,5;101,96;;;356,3530806;378,9192;23756,87204;
SBJH;SBBH;540,784;0,8;;;1130;481,49;798,15;483,01;;;113,16;;;305,1469194;324,4704;20343,12796;
SBBH;SBTV;633,384;1;4824,99;974;1340;796,42;;800;;1906,25;380;;;0;380,0304;0,01;
SBBH;SDTP;813,028;1,2;8178,7;1651;1630;796,42;499,81;800;;358;100;;;1270,819744;487,8168;27262,98292;875
SBTV;SBBH;740,8;1,1;6304,6;580;1540;;798,15;586;;;;;;0;444,48;0,01;
SBBH;SBGR;583,38;0,9;8594,82;1735;1290;796,42;551,37;520,1;720;;;;;323,5959507;350,028;21573,06338;
SDTP;SBUL;396,328;0,7;;;890;;629,14;;860;;;;;1061,223918;237,7968;13289,92789;875
SBGR;SBBH;468,556;0,8;;;1070;943,53;798,15;;;;;;;259,9040493;281,1336;17326,93662;
SBUL;SBPL;1359,368;1,9;9970,95;1585;2400;796,42;836,91;;;520;25,44;;;1545,623159;843,5052718;45583,21063;875
SBPL;SBBH;1335,292;1,9;15005,57;1380;2450;423;798,15;;;;30,74;;;1533,513178;1602,3504;44775,87856;875
SBBH;SBRP;516,708;0,9;5191,57;1048;1220;796,42;624,5;342,5;800;;;;;255,75;310,0248;17050;
SBRP;SBBH;472,26;0,7;;;1020;796,42;798,15;;;;;;;233,75;283,356;15583,33333;
SBBH;SBBR;816,732;1,2;7960,74;1607;1660;796,42;538,61;400;1209,73;;;;;398,7253019;490,0392;26581,68679;
SBBR;SBBH;581,528;0,9;;;1160;943,53;798,15;;;;;;;283,8996481;348,9168;18926,64321;
SBBH;SBRP;538,932;0,8;6370,57;1286;1180;796,42;624,5;342,5;800;;;;;266,75;323,3592;17783,33333;
SBRP;SBBH;472,26;0,8;;;1080;796,42;798,15;;;;;;;233,75;283,356;15583,33333;
SBBH;SBCT;942,668;1,3;6945,21;1402;1870;796,42;698,44;840;1226,55;1170,83;52,93;;;535,2026287;565,6008;35680,17525;
SBBH;SBBR;748,208;1,1;8030,09;1621;1490;796,42;538,61;342,5;1173,13;;;;;122,1774194;448,9248;8145,16129;
SBBR;SBBH;629,68;1;;;1260;943,53;798,15;;;;;;;102,8225806;377,808;6854,83871;
SBCT;SBBH;748,208;1,1;4780,51;770;1490;943,53;798,15;;;;56,3;;;424,7973713;448,9248;28319,82475;
SBBH;SBGR;590,788;0,9;9580,62;1934;1350;796,42;3311,37;;1120;1006,72;90,6;;;330,7603687;354,4728;22050,69124;
SBBH;SBGR;766,728;1,2;8411,53;1698;1520;796,42;551,37;640;12824,33;;;;;490,9328834;1380,1104;32728,8589;
SBGR;SBTV;1011,192;1,5;3379,32;600;1740;943,53;4329;711,99;;;23,95;;;566,1290323;1820,1456;37741,93548;
SBTV;SBBH;783,396;1,2;;;1470;;798,15;;;;;;;438,59447;1410,1128;29239,63134;
SBGR;SBGL;342,62;0,6;3204,66;569;940;943,53;559,3;;4250;;;;;219,3782209;616,716;14625,21472;
SBGL;SBBH;400,032;0,7;;;980;943,53;798,15;;;;;;;256,1388957;720,0576;17075,92638;
SBBH;SBRJ;487,076;0,9;1471,27;297;1280;796,42;1033;400;3200;3150;48,75;600;;235,9339806;292,2456;15728,93204;
SBBH;SBGR;1200,096;2;9323,03;1882;2300;796,42;551,37;582;720;;;;;454,2512563;842,101261;30283,41709;
SBGR;SNXB;274,096;0,5;3384,89;601;780;943,53;;;;;;;;103,7487437;164,4576;6916,582915;
SNXB;SBRJ;350,028;0,7;;;940;;983;;1120;;;;;789,1027328;210,0168;11565,18219;625
SBRJ;SBJH;583,38;1;4820,7;910;1400;796,42;773;904,65;2250;900,9;101,92;;;904,7545547;350,028;19275,30364;625
SBRJ;SBBH;466,704;0,8;5970,72;1149;1150;796,42;798,15;904,65;;;25,7;;;226,0660194;560,0448;15071,06796;
SBJH;SBRJ;424,108;0,8;5397,21;819;1040;481,49;983;483,01;1120;;92,94;;;825,8175969;508,9296;14012,83979;625
SBRJ;SBBH;474,112;0,8;3496,33;660;1080;796,42;798,15;;;;;;;850,6001301;568,9344;15665,00868;625
SBBH;SBGR;616,716;1;7088,87;1431;1350;796,42;551,37;315;700;;;;;2883,533943;370,0296;27858,40218;2503,206
SBGR;SBRJ;337,064;0,7;;;900;943,53;2253,5;584,34;1600;1929,7;;;;2694,046613;202,2384;15225,91351;2503,206
SBRJ;SBBH;453,74;0,8;1218,43;230;1140;796,42;798,15;882,45;;;;;;840,5035425;278,2938667;14991,90283;625
SBBH;SBCF;131,492;0,3;8070,23;1610;520;796,42;571,28;342,5;3400;;;;;680,7938837;157,7904;4344,59225;625
SBCF;SBGL;374,104;0,7;;;970;943,53;559,3;;900;;82,9;;;801,0350636;673,3872;12360,67091;625
SBGL;SBBH;411,144;0,7;;;1040;943,53;798,15;;;;;;;819,3924957;740,0592;13584,49971;625
SBBH;SBGR;674,128;1,1;4561,43;910;1470;796,42;3311,37;;1220;978;34,28;;;0;1213,4304;0,01;
SBGR;SBBH;518,56;0,8;2477,91;426;1080;943,53;798,15;507,7;;;40,39;;;0;311,136;0,01;
SBBH;SBGR;766,728;1,2;3508,79;700;1460;796,42;551,37;516;1120;;;;;390,1626736;460,0368;26010,8449;
SBGR;SBBH;479,668;0,8;2448,83;421;1080;943,53;798,15;582;;;;;;244,0872764;287,8008;16272,4851;
SBBH;SBRJ;442,628;0,8;5769,46;1151;1050;796,42;983;476;1600;;;;;2765,574943;265,5768;19994,46883;2503,206
SBRJ;SBGR;435,22;0,8;;;1070;796,42;551,37;;720;;;;;2760,555411;261,132;19659,83337;2503,206
SBGR;SBBH;535,228;0,9;3489,96;600;1290;943,53;798,15;;;;;;;2828,319092;321,1368;24177,4121;2503,206
SBBH;SNSS;477,816;0,7;8476,24;1691;1210;796,42;384,18;412;;380;50;;;234,402439;286,6896;15626,82927;
SBBH;SBRJ;431,516;0,7;4601,53;918;1050;796,42;983;685;1600;;;;;223,9618204;258,9096;14930,78803;
SBRJ;SBIL;1000,08;1,5;7981,59;1500;1840;796,42;3552,49;;;2060,48;12,94;;;519,053146;1200,096;34603,54307;
SNSS;SBRJ;894,516;1,4;;;1720;;983;;1120;;35;;;438,8231707;536,7096;29254,87805;
SBRJ;SBBH;450,036;0,7;4097,21;770;1070;796,42;798,15;;;;;;;220,7743902;270,0216;14718,29268;
SBIL;SBRJ;1172,316;1,7;3762,31;561;2230;338,5;983;;1600;;;;;608,4456323;1406,7792;40563,04215;
SBRJ;SBBH;427,812;0,7;4469,69;840;1010;796,42;798,15;;;;;;;222,0394013;513,3744;14802,62676;
SBBH;SBJH;748,208;1,1;7779,5;1552;1570;796,42;773;400;;1285,18;190;600;;0;448,9248;0,01;
SBJH;SBBH;538,932;0,9;;;1190;481,49;798,15;483,01;;;104,95;;;0;970,0776;0,01;
SBBH;SBGR;616,716;0,9;9263,22;1848;1360;796,42;3339,87;;700;1010;24,98;;;4492,773364;370,0296;28643,22424;4125
SBGR;SNSS;861,18;1,3;2617,52;450;1700;943,53;403,3;711,99;;;38,28;;;4663,084427;516,708;39997,2951;4125
SNSS;SBMK;222,24;0,4;;;670;;673,31;;;;15,37;;;4217,953239;133,344;10321,88261;4125
SBMK;SNSS;175,94;0,4;11295,24;1728;550;423;279,02;;;340;14,97;;;4185,697356;105,564;8171,490398;4125
SBBH;SBSP;733,392;1,1;7674,24;1531;1540;796,42;765,45;400;3800;;;300;;392,7346327;440,0352;26182,30885;
SBSP;SBBH;501,892;0,8;;;1110;943,53;798,15;;;;;;;268,7653673;442,0921021;17917,69115;
SNSS;SBBE;1761,252;2,5;;;2810;;892,73;54;19260;4483,5;136,98;;;5290,138795;1222,516094;81800,91966;4125
SBBH;SBJD;550,044;1;8020,11;1600;1300;796,42;576,09;685;900;;;;;244,07512;584,783621;16271,67467;
SBJD;SBBH;483,372;0,7;;;1140;616,72;798,15;;;;;;;214,490257;580,0464;14299,35047;
SBBH;SBTV;622,272;1;7193,03;1435;1270;796,42;4329;550;;;;;;348,3870968;373,3632;23225,80645;
SBTV;SBGR;1277,88;1,8;2717,5;250;2180;;551,37;;1020;;;;;715,437788;766,728;47695,85253;
SBBE;SWGI;1274,176;1,8;12763,31;1725;2190;943,53;325,34;;;;70;;;4950,806904;764,5056;59178,79362;4125
SBGR;SBBH;537,08;0,9;5002,36;860;1250;943,53;798,15;;;;;;;300,6912442;322,248;20046,08295;
SWGI;SBGR;1451,968;2;9607,5;1625;2600;;551,37;;720;;;;;5074,669496;1339,715012;67436,2997;4125
SBGR;SBBH;483,372;0,7;2166,56;379;1080;943,53;798,15;;;;;;;4399,87642;580,0464;22450,09467;4125
SBBH;SBFL;1185,28;1,7;5518,83;1101;2100;796,42;740,81;898;3000;;;;;1707,953121;711,168;35063,54137;1200
SBBH;SBJD;581,528;0,9;8020,11;1600;1310;796,42;593,77;475;900;;;;;258,0457498;348,9168;17203,04999;
SBFL;SULS;1263,064;1,8;10472,92;1219;2140;2015,26;8196,06;;6663,33;;286,95;;1414,08;1742,468794;757,8384;37364,58628;1200
SBJD;SBBH;490,78;0,8;;;1160;616,72;798,15;;;;;;;217,777464;588,936;14518,4976;
SBBH;SBRP;507,448;0,8;7117,84;1420;1220;796,42;624,5;342,5;800;;;;;276,6653696;913,4064;18444,35798;
SBRP;SBBH;444,48;0,7;;;1010;796,42;798,15;;;;;;;242,3346304;800,064;16155,64202;
SULS;SBFL;1051,936;1,6;9184,06;1750;1900;;1882,45;;;;;;;1648,783395;1893,4848;31118,89297;1200
SBFL;SBBH;951,928;1,4;5260,85;504;1750;4943,13;798,15;;;;;;;1604,4061;1713,4704;28160,40666;1200
SBBH;SSBZ;392,624;0,7;5914,83;1180;1140;796,42;2468,86;342,5;;3947,4;70;;;198,5154215;353,7;13234,36143;
SSBZ;SBBH;433,368;0,7;;;1060;;798,15;20;;;115;;;219,1160785;260,0208;14607,73857;
SBBH;SBFI;1642,724;2,5;6766,96;1350;2770;796,42;703,87;1278;1630;;;;;1952,727851;985,6344;48098,52342;1250
SBFI;SGAS;375,956;0,7;6012,79;700;990;1868,15;;;8276,32;3703,22;187,35;;;1396,368381;225,5736;11007,89206;1250
SBBH;SBPL;1179,724;1,7;;1531;2190;796,42;830,89;685;;2069,55;99,5;;;688,5014656;1415,6688;45900,0977;
SBPL;SWBE;596,344;1;16457,13;1488;1430;423;293,35;28,99;;300;350;;;348,0337079;1073,4192;23202,24719;
SGAS;SBCF;1540,864;2,2;;1600;2660;;1366,24;;3200;;77,95;;;1907,991344;2773,5552;45116,08961;1250
SWBE;SBTE;274,096;0,5;;;810;;698,44;;;;;;;159,9658036;328,9152;10664,38691;
SBTE;SBBH;1740,88;2,4;15101,15;1324;3130;616,72;798,15;;;;;;;1015,999023;1698,246204;67733,2682;
SBCF;SBBH;77,784;0,2;;;310;4943,13;798,15;;;;69,91;;;1265,412424;46,6704;2277,494908;1250
SBBH;SBRJ;446,332;0,8;4335,87;865;1150;796,42;983;685;1600;;;;;202,9294781;267,7992;13528,63188;
SBRJ;SBBH;412,996;0,7;;;1040;796,42;798,15;;;;;;;187,7729196;247,7976;12518,19464;
SBBH;SBRJ;433,368;0,7;7117,84;1420;1110;796,42;1084,64;;3200;2362,5;;;;197,0352609;520,0416;13135,68406;
SBRJ;SBBH;444,48;0,8;;;1080;796,42;798,15;915,75;;;;;;202,0874471;266,688;13472,49647;
SBBH;SBRJ;442,628;0,8;6265,71;1250;1140;796,42;983;;1600;;;;;201,2454161;531,1536;13416,36107;
SBRJ;SBBH;446,332;0,7;;;1110;796,42;798,15;400;;;;;;202,9294781;535,5984;13528,63188;
SBBH;SBGL;396,328;0,7;9538,92;1903;1000;796,42;559,3;1897;900;;;;;223,1888621;237,7968;14879,25748;
SBGL;SBCY;1833,48;2,5;3014,68;601;3140;943,53;774,95;;1500;;;;;727,1821192;1100,088;48478,80795;
SBCY;SLVR;887,108;1,4;7175,69;1328;1720;1868,15;;;;;;;;351,8386213;532,2648;23455,90809;
SLVR;SPJC;1814,96;2,5;19759,09;1499;3060;;12431,73;3001,94;2224,28;11722,04;471,43;;449,64;719,8368453;1088,976;47989,12302;
SBBH;SBSP;701,908;1,1;9238,16;1843;1480;796,42;;400;3800;868,5;81,97;;;0;421,1448;0,01;
SBSP;SBBH;522,264;0,8;;;1200;943,53;798,15;;;;;;;0;626,7168;0,01;
SPJC;SLVR;1631,612;2,3;6420,83;1589;3030;;;;;;;;;647,1186334;2936,9016;43141,24222;
SLVR;SBGL;2157,58;3;13729,1;2100;3630;;1172,65;;900;;;;;855,724413;3883,644;57048,2942;
SBGL;SBCF;444,48;0,8;4765,3;950;1120;4943,13;583,91;;3400;;192,98;;;176,2865744;717,0944;11752,43829;
SBBH;SBIP;166,68;0,3;3389,04;655;550;796,42;852,88;400;;541,78;120;;;145,9459459;100,008;9729,72973;
SBCF;SBBH;62,968;0,2;;;250;943,53;798,15;;;;71,92;;;81,97393137;37,7808;5464,928758;
SBIP;SBBH;244,464;0,5;;;720;;798,15;;;;;;;214,0540541;146,6784;14270,27027;
SBBH;SBJH;653,756;1,1;8796;1700;1360;796,42;773;;2250;;;;;335,9848921;392,2536;22398,99281;
SBJH;SBBH;633,384;1;;;1360;481,49;798,15;;;;;;;325,5151079;760,0608;21701,00719;
SBBH;SBMK;424,108;0,7;4284,17;828;1030;796,42;629,14;342,5;405,24;940,8;26,22;;;218,0952381;254,4648;14539,68254;
SBMK;SBBH;392,624;0,7;2388,91;351;940;423;798,15;;;;;;;201,9047619;235,5744;13460,31746;
SBBH;SBRJ;427,812;0,7;7166,15;1385;1120;796,42;983;80;1600;;;;;236,6341463;256,6872;15775,60976;
SBRJ;SBBH;407,44;0,7;;;1000;796,42;798,15;;;;;;;225,3658537;244,464;15024,39024;
SBBH;SBGR;657,46;1,1;6208,94;1200;1500;796,42;3311,37;685;750;1006,72;89,96;300;;343,99995;394,476;22933,33;
SBGR;SBPS;1066,752;1,6;4245,28;760;1980;943,53;544,21;;2913,52;;;;;516;640,0512;34400;
SBPS;SBBH;713,02;1,1;4536;720;1390;616,72;798,15;;;;;;;365,50005;459,2687647;24366,67;
SBBH;SBJH;1200,096;2;6245,16;1207;2300;796,42;773;400;2250;987;220;300;;0;720,0576;0,01;
SBJH;SBBH;544,488;0,9;7231,8;1020;1180;481,49;798,15;;;;126,45;;;0;326,6928;0,01;
SBBH;SBJH;679,684;1,1;7502,47;1450;1480;;773;550;2250;;;300;;0;407,8104;0,01;
SBJH;SBBH;557,452;0,9;;;1340;481,49;798,15;;;;;300;;0;353,0529333;0,01;
SBBH;SBBR;638,94;1;8485,55;1640;1390;796,42;538,61;342,5;1780,34;1067;191,44;;;0;383,364;0,01;
SBBR;SBBH;603,752;0,9;;;1280;943,53;798,15;495,72;;;;;;0;1086,7536;0,01;
SBBH;SNPD;307,432;0,5;5422,47;1048;860;796,42;;392;;628,43;120;;;0;184,4592;0,01;
SNPD;SBBH;362,992;0,6;;;960;282,32;798,15;;;;;;;0;217,7952;0,01;
SBBH;SBPS;637,088;1;8087,14;1563;1360;796,42;544,21;342,5;2913,52;;;;;360,12495;382,2528;24008,33;
SBPS;SBBH;733,392;1,2;;;1540;616,72;798,15;;;;;;;370,875;440,0352;24725;
SBBH;SBJH;620,42;1;9308,24;1799;1300;796,42;773;400;2250;1071;108,94;;;331,140553;372,252;22076,03687;
SBJH;SBBH;585,232;0,9;;;1210;481,49;798,15;;;;98,95;;;312,359447;351,1392;20823,96313;
SBBH;SBRJ;466,704;0,8;9054,71;1750;1220;796,42;983;392;1120;;;;;215,1219512;280,0224;14341,46341;
SBRJ;SBBH;444,48;0,8;;;1080;796,42;798,15;;;;;;;204,8780488;266,688;13658,53659;
SBBH;SNMX;429,664;0,8;8200,98;1585;1030;796,42;;240;;559,72;103,26;;;274,9070632;257,7984;18327,13755;
SNMX;SBBH;566,712;0,9;;;1300;;798,15;;;;;;;362,5929368;680,0544;24172,86245;
SBBH;SNMX;492,632;0,8;7269,63;1405;1100;796,42;;392;;;;;;298,0764706;295,5792;19871,76471;
SNMX;SBRJ;648,2;1;;;1350;;983;;1600;;;;;392,2058824;622,272;26147,05882;
SBRJ;SBBH;433,368;0,7;;;1080;796,42;798,15;;;;;;;262,2176471;520,0416;17481,17647;
SBBH;SBPS;733,392;1,1;8449,33;1633;1520;796,42;544,21;342,5;2913,52;;;;;365,7499744;440,0352;24383,33163;
SBPS;SBBH;700,056;1,1;;;1390;616,72;798,15;;;;;;;349,1249756;420,0336;23274,99837;
SBBH;SBPS;707,464;1,1;8847,74;1710;1470;796,42;544,21;342,5;2913,52;;;;;374,1913296;1273,4352;24946,08864;
SBPS;SBBH;694,5;1;;;1440;616,72;798,15;;;;;;;367,3344204;1250,1;24488,96136;
SBBH;SSBZ;411,144;0,7;6415,9;1240;1050;796,42;1940;342,5;;;;;;177,2062084;246,6864;11813,74723;
SSBZ;SBBH;424,108;0,7;;;990;;798,15;;;;;;;182,7937916;254,4648;12186,25277;
SBBH;SBTV;735,244;1,1;9065,05;1752;1510;796,42;;520,1;;;;;;0;441,1464;0,01;
SBTV;SBBH;633,384;1;;;1340;;798,15;;;;;;;0;380,0304;0,01;
SBBH;SBGR;542,636;0,9;9691,12;1873;1300;796,42;551,37;800;720;;;;;733,3746053;325,5816;48891,64035;
SBGR;SBTV;1287,14;1,8;1464,34;241;2350;943,53;4608;;;;;;;814,7397361;772,284;54315,9824;
SBTV;SBIL;212,98;0,4;8163,37;751;660;;773,89;626;;;400;;;1206,734926;127,788;9242,688414;1084,36
SBIL;SBBH;818,584;1,3;2233,65;323;1490;338,5;798,15;;;;;;;1600,95568;491,1504;35524,07199;1084,36
SBBH;SBSV;1107,496;1,6;8066,45;1559;2090;796,42;643,79;400;800;;;;;692,5971516;664,4976;46173,14344;
SBSV;SBPS;498,188;0,9;4215,1;691;1430;796,42;544,21;626;2663,52;;;;;420;298,9128;28000;
SBPS;SBBH;713,02;1,1;4431,25;709;1490;616,72;798,15;;;;;;;445,9028484;427,812;29726,85656;
SBBH;SBTV;755,616;1,2;6970,37;1369;1680;796,42;;520,1;;;;;;0;453,3696;0,01;
SBTV;SBBH;670,424;1;4587,14;422;1370;;798,15;;;;;;;0;402,2544;0,01;
SBBH;SBCB;424,108;0,7;7761,18;1500;1070;796,42;625,7;342,5;;;;;;202,2712934;254,4648;13484,75289;
SBCB;SBBH;437,072;0,7;;;1070;481,49;798,15;;;;;;;208,4542587;262,2432;13896,95058;
SBBH;SBTC;813,028;1,2;10565,55;2042;1720;796,42;775,07;400;;;200;;;2171,11313;1463,4504;29824,20868;1750
SBTC;SBBH;766,728;1,2;;;1430;481,49;798,15;;;;;;;2145,63687;1380,1104;28125,79132;1750
SBBH;SBIL;824,14;1,2;7036,8;1360;1640;796,42;773,89;520,1;;;;;;1703,572384;1483,452;42365,1856;1084,36
SBIL;SBGL;1063,048;1,6;5511,52;797;2030;338,5;559,3;;900;;;;;1760,090663;1913,4864;46133,07087;1084,36
SBGL;SBBH;374,104;0,6;1553,02;300;900;943,53;798,15;;;;;;;1311,619347;673,3872;16234,98313;1084,36
SBBH;SBCB;403,736;0,7;5857,1;1132;950;796,42;625,7;680;;;;;;1115,587662;242,2416;8705,844156;1000
SBCB;SBBH;450,036;0,7;;;1010;481,49;798,15;;;;;;;1130,563312;270,0216;9704,220779;1000
SBBH;SBCB;407,44;0,6;6467,65;1250;970;796,42;625,7;;;;;;;1116,785714;244,464;8785,714286;1000
SBCB;SBBH;450,036;0,7;;;1060;481,49;798,15;621,3;;;;;;1130,563312;376,7743256;9704,220779;1000
SBBH;SBGR;742,652;1,4;5435,88;1140;1550;834,31;551,37;240;;;;;;369,1609442;445,5912;24610,72961;
SBGR;SBBH;551,896;0,9;2190,74;420;1260;988,42;798,15;;;;;;;274,3390558;331,1376;18289,27039;
SBBH;SBPS;707,464;1;8416,08;1765;1410;834,31;544,21;342,5;2663,52;;;;;373,861518;424,4784;24924,1012;
SBPS;SBBH;683,388;1;;;1380;646,06;798,15;;;;;;;361,138482;410,0328;24075,8988;
SBBH;SBGR;546,34;0,9;9159,94;1921;1300;834,31;3381,37;882,2;720;1399,74;95,97;;;2494,845246;655,608;22962,8331;2183,15
SBGR;SBGL;337,064;0,5;2643,21;450;950;988,42;559,3;;900;;;;;2362,906256;606,7152;14166,90042;2183,15
SBGL;SBBH;437,072;0,8;;;1090;988,42;798,15;;;;;;;2425,956747;786,7296;18370,26648;2183,15
SBBH;SBTC;761,172;1,2;7104,79;1490;1510;834,31;775,07;539,7;;;;;;1741,782889;1370,1096;39507,74818;1166,666667
SBTC;SBSV;322,248;0,6;;;860;504,39;638,82;;900;;;;;1400,055287;580,0464;16725,90799;1166,666667
SBSV;SBTV;446,332;0,7;8564,4;1404;1090;834,31;4608;;;;;;;1496,661824;803,3976;23166,34383;1166,666667
SBTV;SBBH;740,8;1,2;;;1490;;798,15;342,5;;;;;;0;1333,44;0,01;
SBBH;SBCB;409,292;0,7;8106,14;1700;990;834,31;625,7;342,5;;;;;;195,2050473;736,7256;13013,66982;
SBCB;SBBH;490,78;0,8;;;1220;504,39;798,15;;;;;;;234,0694006;883,404;15604,62671;
SBBH;SBPS;653,756;0,9;7347,98;1541;1400;834,31;544,21;400;2663,52;;;;;0;392,2536;0,01;
SBPS;SSBZ;775,988;1,2;3439,4;580;1510;646,06;1940;;;;;;;0;465,5928;0,01;
SSBZ;SBBH;455,592;0,8;;;1040;;798,15;400;;;;;;420;273,3552;28000;
SBBH;SBGL;359,288;0,6;7448,11;1562;930;834,31;559,3;996;900;;;;;188,824272;215,5728;12588,2848;
SBGL;SBCY;1846,444;2,5;1941,29;402;3120;988,42;774,95;;700;;;;;970,4010268;1107,8664;64693,40178;
SBCY;SBEG;1479,748;2,2;11381,66;1870;2510;834,31;824,73;;1928;955,43;117,8;;;777,6834708;887,8488;51845,56472;
SBBH;SBMK;396,328;0,7;6222,65;1305;970;834,31;658,59;400;405,24;556,5;48,8;;;216,0576923;313,1957854;14403,84615;
SBEG;SBMK;2416,86;3,4;15263,4;1562;3630;988,42;658,59;;405,24;;;;;1270,183892;1450,116;84678,92611;
SBMK;SBTV;507,448;0,8;13638,09;2064;1110;443,12;4329;250;;;;;;266,6899512;304,4688;17779,33008;
SBMK;SBBH;374,104;0,6;;;980;443,12;798,15;;;;;;;203,9423077;414,3921231;13596,15385;
SBTV;SBSP;1396,408;2,3;;;2570;;801,27;644;3800;;;300;;883,9046921;1495,708124;58926,97947;
SBSP;SBBH;563,008;0,8;4717;890;1190;988,42;798,15;;;;;300;;356,3753666;675,6096;23758,35777;
SBBH;SBSV;990,82;1,4;4085,01;860;1980;834,31;638,82;400;900;;;;;562,6144524;594,492;37507,63016;
SBSV;SBBH;1051,936;1,6;6862,5;1125;2080;834,31;798,15;;;;;;;597,3177738;1058,722684;39821,18492;
SBBH;SBJD;513,004;0,9;8084,53;1702;1260;834,31;576,093;342,5;900;;;;;0;307,8024;0,01;
SBJD;SBBH;507,448;0,8;;;1170;646,06;798,15;;;;;;;0;304,4688;0,01;
SBBH;SBRJ;400,032;0,7;5890,02;1240;980;834,31;983;520;1509,6;;;;;198,0786026;240,0192;13205,24017;
SBRJ;SBBH;448,184;0,7;;;1080;834,31;798,15;;;;;;;221,9213974;268,9104;14794,75983;
SBBH;SNAR;566,712;0,9;5320,02;1120;1180;834,31;;292;;;;;;259,9776;1020,0816;17331,84;
SNAR;SBBH;590,788;0,9;;;1250;;798,15;;;;;;;271,0224;1063,4184;18068,16;
SBBH;SBGR;535,228;0,9;9305,28;1959;1240;834,31;3409,87;342,5;1310;898;74,62;;;351,6427678;963,4104;23442,85119;
SBGR;SBTV;1105,644;1,6;2232,04;380;2040;988,42;4329;;;;;;;726,4039183;663,3864;48426,92789;
SBTV;SBSV;466,704;0,8;4358,87;401;1070;;638,82;;900;;;;;2095,240775;280,0224;24766,05166;1750
SBSV;SBBH;1038,972;1,5;7320;1200;1950;834,31;798,15;599,53;;;;;;2550,759225;623,3832;55133,94834;1750
SBBH;SBGR;542,636;0,8;8915,78;1877;1250;834,31;551,37;520;720;;;;;0;325,5816;0,01;
SBGR;SBBH;507,448;0,8;;;1100;988,42;798,15;;;;;;;0;304,4688;0,01;
SBBH;SBTV;683,388;1;6783,02;1428;1380;834,31;4329;400;;;;;;0;410,0328;0,01;
SBTV;SBBH;705,612;1,1;;;1400;;798,15;;;;;;;0;423,3672;0,01;
SBBH;SSBZ;420,404;0,7;4275,01;900;1020;834,31;1940;342,5;;;;;;203,7361146;252,2424;13582,40764;
SSBZ;SBBH;451,888;0,7;;;990;;798,15;;;;;;;218,9938854;271,1328;14599,59236;
SBBH;SBBH;101,86;0,2;9500,04;2000;490;834,31;798,15;;;;;;;53,53265444;61,116;3568,843629;
SBBH;SBAT;1877,928;2,6;7495,53;1578;2890;834,31;633,33;760;;;;;;986,9474836;1126,7568;65796,49891;
SBAT;SBGL;2035,348;2,9;19775,93;1693;3220;443,12;559,3;;900;;;;;1069,679768;2086,522464;71311,98451;
SBGL;SBBH;377,808;0,6;3581,8;666;1010;988,42;798,15;;;;;;;198,5574819;453,3696;13237,16546;
SBBH;SBBR;705,612;1,1;;;1380;538,56;538,61;400;1204,1;;23,95;;;369,2889344;1270,1016;24619,2623;
SBBR;SBBH;650,052;1;;;1290;988,42;798,15;;;;;;;340,2110656;1170,0936;22680,7377;
SBBH;SBGR;587,084;1;7866,03;1656;1400;834,31;551,37;400;1100;;;;;0;1056,7512;0,01;
SBGR;SBBH;453,74;0,7;;;1040;988,42;798,15;;;;;;;0;816,732;0,01;
SBBH;SBRJ;425,96;0,7;4512,51;950;1050;834,31;983;342,5;1509,6;;;;;342,8617396;255,576;22857,44931;
SBRJ;SBGL;27,78;0,1;;;250;834,31;559,3;342,5;1700;;;;;20,4040265;16,668;1360,268433;
SBGL;SBBH;396,328;0,7;;;920;988,42;798,15;;;;;;;291,0974447;237,7968;19406,49631;
SBBH;SBJD;574,12;0,9;4821,27;1015;1410;834,31;1504,29;;;;;;;0;344,472;0,01;
SBBH;SBKP;600,048;1;8393,28;1767;1390;834,31;550,43;400;1770;;;;;0;720,0576;0,01;
SBKP;SBCF;531,524;0,8;;;1220;988,42;806,28;;2835;;116,9;;;0;637,8288;0,01;
SBCF;SBRJ;420,404;0,7;7752,12;1200;1080;988,42;983;280;1509,6;;123,82;;;198,2120582;252,2424;13214,13721;
SBRJ;SBBH;470,408;0,8;;;1080;834,31;798,15;;;;;;;221,7879418;282,2448;14785,86279;
SBBH;SBGV;253,724;0,5;8630,78;1817;740;834,31;466,02;392;400;;;;;639,0953307;304,4688;9773,022049;500
SBGV;SBRP;727,836;1,1;;;1480;443,12;683,66;;1600;1069,12;70,92;;;913,0252918;873,4032;28035,01946;500
SBRP;SBBH;446,332;0,8;857,02;146;1050;834,31;798,15;;;;;;;750,3793774;267,7992;17191,9585;500
SBBH;SBRJ;442,628;0,8;3420,01;720;1070;834,31;983;342,5;1207,68;;;300;;0;265,5768;0,01;
SBRJ;SBBH;451,888;0,8;2265,54;452;1140;834,31;798,15;;;;;300;;0;271,1328;0,01;
SBBH;SBPS;666,72;1;7647,53;1610;1400;834,31;544,21;462,3;3336,72;;;;;332,3768309;400,032;22158,45539;
SBPS;SBBH;724,132;1,1;;;1380;646,06;798,15;;;;;;;360,9981691;434,4792;24066,54461;
SBBH;SBTV;644,496;1;8293,53;1746;1340;834,31;4329;520;;;;;;463,6855547;386,6976;30912,37031;
SBTV;SBGR;1170,464;1,7;2826,2;260;2130;;551,37;;720;;;;;733,1300878;702,2784;48875,33919;
SBGR;SBBH;505,596;0,8;4704,91;801;1050;988,42;798,15;;;;;;;316,6843575;606,7152;21112,2905;
SBBH;SBTV;650,052;1;6536,02;1376;1300;834,31;;400;;;;;;0;390,0312;0,01;
SBTV;SBBH;677,832;1;;;1390;;798,15;;;;;;;0;406,6992;0,01;
SBBH;SBBR;679,684;1,1;7842,28;1651;1370;834,31;538,61;312;1800;;;;;0;407,8104;0,01;
SBBR;SBBH;601,9;1;;;1340;988,42;798,15;;;;;;;0;385,6240678;0,01;
SBBH;SBGL;350,028;0,7;5225,02;1100;910;;559,3;462,3;900;;;;;257,0907339;630,0504;17139,38226;
SBGL;SBBH;407,44;0,7;;;1100;988,42;798,15;;;;;;;299,2590553;733,392;19950,60369;
SBBH;SBRJ;403,736;0,8;5225,02;1100;1020;;983;342,5;1207,68;;;;;0;726,7248;0,01;
SBRJ;SBBH;431,516;0,7;;;1020;834,31;798,15;;;;;;;0;776,7288;0,01;
SBBH;SBGR;611,16;0,9;8312,53;1750;1350;;5381,37;400;720;592,2;54,99;300;;0;366,696;0,01;
SBGR;SBBH;490,78;0,8;;;1160;988,42;798,15;;;;38,93;;;0;588,936;0,01;
SBBH;SBRJ;400,032;0,7;3562,51;750;980;834,31;983;482,5;1207,68;;;;;2290,354437;240,0192;17086,65913;2065,03
SBRJ;SBBH;444,48;0,7;;;1030;834,31;798,15;;;;;;;2318,832202;266,688;18985,17681;2065,03
SBBH;SBSV;1001,932;1,5;9519,04;2004;1870;834,31;643,79;400;860;;;;;568,9241472;601,1592;37928,27648;
SBSV;SBBH;1081,568;1,6;1830;300;1990;834,31;798,15;;;;;;;614,1436266;731,7843064;40942,90844;
SBBH;SBBR;764,876;1,1;8882,53;1870;1580;834,31;538,61;400;1368;1100;;;;0;458,9256;0,01;
SBJD;SBBH;500,04;0,8;5689,98;738;1190;646,06;;;;;;;;0;300,024;0,01;
SBBR;SBBH;635,236;1;;;1350;988,42;798,15;;;;;;;0;381,1416;0,01;
SBBH;SBJD;537,08;0,9;8269,78;1741;1330;834,31;611,45;415,1;900;724,2;45,99;300;;0;322,248;0,01;
SBJD;SBBH;511,152;0,9;;;1250;646,06;;;;;29,88;300;;0;613,3824;0,01;
SBBH;SBRJ;533,376;1;5742,77;1209;1260;834,31;983;580;1207,68;;;;;2375,787733;320,0256;22782,21217;2065,03
SBRJ;SBBH;442,628;0,8;1002,45;200;1030;834,31;798,15;;;;;;;2317,645629;265,5768;18906,0719;2065,03
SBBH;SBTV;725,984;1,1;8266,59;1747;1420;834,31;4608;462,5;;;;;;476,968737;1306,7712;31797,9158;
SBTV;SBGR;1553,828;2,4;3261;300;2490;;551,37;;780;;;;;1020,859108;2796,8904;68057,27386;
SBGR;SBBH;522,264;0,8;6288,5;1070;1160;988,42;798,15;;;;;;;343,1254689;940,0752;22875,03126;
SBBH;SBJD;540,784;0,9;7760,28;1640;1520;834,31;721,95;400;2490;1448,4;38,97;;;0;973,4112;0,01;
SBJD;SBBH;500,04;0,8;;;1240;646,06;;;;;32,97;;;0;300,024;0,01;
SBBH;SBBR;701,908;1;7410,12;1566;1660;834,31;538,61;400;1281,99;;;;;0;421,1448;0,01;
SBBR;SBBH;638,94;1;;;1460;988,42;;;;;;;;0;383,364;0,01;
SBBH;SBJD;620,42;1,2;7760,28;1640;1510;834,31;576,09;;900;;;;;0;744,504;0,01;
SBJD;SBBH;498,188;0,9;;;1470;646,06;;400;;;;;;0;597,8256;0,01;
SBBH;SBJD;509,3;0,8;7925,89;1675;1290;834,31;576,09;342,5;900;;;;;0;305,58;0,01;
SBJD;SBBR;951,928;1,5;;;2050;646,06;538,61;;2250;1100;34,26;;;0;781,2374621;0,01;
SBBR;SBPA;1616,796;2,2;10260,51;2103;3250;988,42;742,48;276,87;1028,42;732,9;38,98;;;1471,34866;970,0776;98089,91069;
SBPA;SBRJ;1103,792;1,6;9930,22;1898;2440;988,42;983;;1471,86;;14,99;300;;1004,494618;1324,5504;66966,30787;
SBRJ;SBBH;431,516;0,7;;;1050;834,31;;1209,9;;;;300;;392,6967215;517,8192;26179,78143;
SBBH;SBSP;664,868;1,1;4043,78;854;1430;834,31;801,27;240;3800;;;300;;586,0551331;398,9208;39070,34221;
SBSP;SBFI;1011,192;1,6;4085,38;827;1840;988,42;855,36;227,22;1680;1113;109,16;300;;560,5323194;606,7152;37368,82129;
SBBH;SBSP;592,64;0,9;8759,95;1850;1380;834,31;801,27;;3800;;;;;33;465,4917818;2200;
SBSP;SBBH;557,452;0,9;;;1280;988,42;;234,56;;;;;;0;334,4712;0,01;
SBFI;SCEL;2183,508;3,1;7863,89;1724;3430;1957,03;6953,449814;560;4411,472996;1666,59;436,3757;;7041,267874;1210,380228;2107,559896;80692,01521;
SCEL;SADF;1079,716;1,6;7447,89;1540;1980;;;6492,998364;;7416,85;1290,4019;;;598,5171103;1943,4888;39901,14068;
SBBH;SBJD;520,412;0,9;6870,64;1451;1300;834,31;607,03;400;900;;70,93;;;0;312,2472;0,01;
SBJD;SBBH;500,04;0,8;;;1250;646,06;;;;;;;;0;600,048;0,01;
SBBH;SBPS;681,536;1;6439,74;1360;1540;834,31;544,21;462,3;2913,52;;;;;432,7651269;408,9216;28851,00846;
SBPS;SBBH;737,096;1,2;711,52;120;1390;646,06;;;;;;;;468,0448926;442,2576;31202,99284;
SADF;SBGL;1950,156;2,8;9.998,81 ;1661;3140;5178,32;1172,65;336,2403198;900;;;;;1081,026616;1170,0936;72068,44106;
SBGL;SBBH;416,7;0,7;3282,72;682;1050;;798,15;;;;;;;263,9885932;290,7209302;17599,23954;
SBBH;SBJD;520,412;0,9;7434,12;1570;1400;834,31;576,09;520;980;;;;;0;312,2472;0,01;
SBJD;SBBH;514,856;1;;;1450;646,06;;;;;;;;0;308,9136;0,01;
SBBH;SBSV;1014,896;1,5;6629,15;1400;2270;834,31;643,79;462,3;900;;;;;0;608,9376;0,01;
SBSV;SBBH;1116,756;1,7;6447,7;1057;2210;834,31;;;;;;;;0;670,0536;0,01;
SBBH;SBPS;666,72;1;8996,7;1900;1610;834,31;544,21;342,5;3462,57;;;;;359,5424749;800,064;23969,49833;
SBPS;SBBH;713,02;1;;;1730;646,06;;;;;;;;384,5107023;855,624;25634,04682;
SBBH;SBTV;729,688;1,1;8712,6;1840;1870;834,31;4329;400;;;;;;0;437,8128;0,01;
SBTV;SBBH;705,612;1,1;2489,23;229;1570;;;;;;;;;0;423,3672;0,01;
SBBH;SBPS;716,724;1,1;9091,41;1920;1770;834,31;544,21;560;2913,52;;;;;351,087063;430,0344;23405,8042;
SBPS;SBBH;742,652;1,1;;;1520;646,06;;;;;;;;363,787887;452,4464493;24252,5258;
SBBH;SBBH;277,8;0,6;6297,69;1330;830;834,31;798,15;;;;;;;0;166,68;0,01;
SBBH;SBJD;533,376;0,9;8537,4;1803;1260;538,56;576,09;342,5;900;;;;;0;384,03072;0,01;
SBJD;SBRJ;505,596;0,9;;;1350;646,06;1026,86;;1471,86;;;;;0;606,7152;0,01;
SBRJ;SBBH;422,256;0,6;;;1040;834,31;798,15;;;;;;;0;506,7072;0,01;
SBBH;SBGL;357,436;0,7;7235,24;1528;960;834,31;559,3;400;900;;;;;191,7589543;214,4616;12783,93029;
SBGL;SBBH;412,996;0,7;;;1060;988,42;798,15;;;;;;;221,5660457;247,7976;14771,06971;
SBBH;SBPS;688,944;1;6815,7;1450;1440;834,31;544,21;560;2913,52;;;;;0;413,3664;0,01;
SBPS;SBBH;705,612;1,1;;;1410;646,06;798,15;;;;;;;0;423,3672;0,01;
SBBH;SDCO;650,052;1;8712,6;1840;1530;834,31;496,15;462,3;;;;;;0;390,0312;0,01;
SDCO;SBBH;627,828;1;;;1430;646,06;;;;;;;;0;376,6968;0,01;
SBBH;SBSV;1005,636;1,5;7102,66;1500;2220;834,31;643,79;481,9;900;;;;;255;1810,1448;17000;
SBSV;SBBH;1042,676;1,4;6325;1150;2260;834,31;;;;;;;;0;1876,8168;0,01;
SBBH;SBJD;511,152;0,9;8063,89;1703;1270;834,31;576,09;342,5;900;;;;;0;920,0736;0,01;
SBJD;SBBH;516,708;0,8;;;1270;646,06;798,15;400;;;;;;0;930,0744;0,01;
SBBH;SBPS;703,76;1,1;8523,19;1800;1420;834,31;544,21;;2913,52;;;;;446,8770332;1266,768;29791,80221;
SBPS;SBBH;724,132;1,2;;;1470;646,06;798,15;;;;;;;459,8129473;1303,4376;30654,19649;
SBBH;SDCO;609,308;1;7244,71;1530;1460;834,31;496,15;481,9;1000;;5,25;;;0;1096,7544;0,01;
SDCO;SBBH;742,652;1,1;;;1710;646,06;798,15;;;;;;;0;1336,7736;0,01;
SBBH;SBTV;657,46;1;9555,45;2018;1520;834,31;6453;522,5;;;;;;0;1183,428;0,01;
SBTV;SBRJ;907,48;1,3;5435;500;2030;;1026,86;;1471,86;;;;;0;1633,464;0,01;
SBRJ;SBBH;396,328;0,6;1773,98;365;1050;834,31;798,15;;;;;;;0;475,5936;0,01;
SBBH;SBPS;664,868;1,1;8144,38;1720;1340;834,31;544,21;400;2913,52;;;;;350,3792763;398,9208;23358,61842;
SBPS;SBBH;742,652;1,2;;;1520;646,06;798,15;;;;;;;391,3707237;445,5912;26091,38158;
SBBH;SBGL;466,704;0,8;7576,17;1600;1220;834,31;559,3;342,5;900;;;;;282,0211111;280,0224;18801,4074;
SBGL;SBBH;503,744;0,8;;;1270;988,42;798,15;;;;;;;304,4037389;483,59424;20293,5826;
SBBH;SBPS;651,904;1;7377,3;1558;1330;834,31;544,21;400;2663,52;;;;;0;391,1424;0,01;
SBPS;SBBH;753,764;1,1;;;1520;646,06;798,15;;;;;;;0;452,2584;0,01;
SBBH;SBPS;692,648;1;7789,25;1645;1380;834,31;544,21;580;2663,52;;;;;373,5246823;415,5888;24901,64548;
SBPS;SBBH;696,352;1,1;;;1340;646,06;798,15;;;;;;;375,5221405;417,8112;25034,80936;
SBBH;SBJH;635,236;1;8333,79;1760;1340;834,31;827;342,5;2408;;;;;371,8035439;381,1416;24786,90293;
SBJH;SBBH;566,712;0,9;;;1260;504,39;798,15;390;;;;;;331,6964561;680,0544;22113,09707;
SBBH;SBTV;631,532;1;6160,37;1301;1250;834,31;;980;;;;;;0;1136,7576;0,01;
SBTV;SBBH;731,54;1,1;;;1430;;877,34;;;;;;;0;1316,772;0,01;
SBBH;SBRJ;414,848;0,8;6255,08;1321;1010;834,31;1026,86;342,5;1471,86;;;;;0;248,9088;0,01;
SBRJ;SBJH;564,86;1;;;1570;834,31;827;;2408;;;;;0;338,916;0,01;
SBJH;SBBH;555,6;0,8;5251,62;803;1310;504,39;877,34;;;;;;;0;333,36;0,01;
SBBH;SNDV;144,456;0,3;6188,78;1307;400;834,31;493,67;522,5;550;;;;;90,83686391;86,6736;6055,790927;
SNDV;SBJH;524,116;0,9;;;1170;;827;;4816;2627,1;479,92;300;;329,5747755;314,4696;21971,6517;
SBJH;SBBH;629,68;1;2158,2;330;1390;504,39;877,34;443,82;;;350;;;395,9555606;377,808;26397,03738;
SBBH;SBJD;603,752;1;3788,08;800;1450;834,31;576,09;342,5;900;;27,98;300;;0;724,5024;0,01;
SBJD;SBBH;514,856;0,9;6299,07;817;1230;646,06;877,34;;600;2438,1;28,21;;;0;308,9136;0,01;
SBBH;SBJD;533,376;0,8;7344,15;1551;1300;834,31;576,09;400;900;;;;;0;320,0256;0,01;
SBJD;SBBH;492,632;0,8;;;1160;646,06;877,34;342,5;;;;;;0;295,5792;0,01;
SBBH;SBUL;525,968;0,8;5705,38;1113;1200;834,31;658,59;580;860;;;;;0;315,5808;0,01;
SBUL;SBBH;464,852;0,8;;;1040;;877,34;;;;;;;0;557,8224;0,01;
SBBH;SBGR;618,568;0,9;2152,97;420;1480;;3381,37;400;780;;;300;;374,2911814;371,1408;24952,74542;
SBGR;SBBH;494,484;0,8;4029,23;621;1010;;877,34;;;;;300;;299,2088186;296,6904;19947,25458;
SBBH;SBJD;555,6;1;8688,78;1695;1370;834,31;576,09;560;900;1050,6;66,95;600;;0;333,36;0,01;
SBBH;SBMO;1472,34;2,1;8217,18;1603;3070;834,31;;342,5;3217;4999,8;207,08;;;0;883,404;0,01;
SBJD;SBBH;537,08;0,8;;;1240;646,06;877,34;;;;;600;;0;644,496;0,01;
SBMO;SBBH;1520,492;2,1;10705,81;1650;2780;;877,34;305;;;;;;0;2736,8856;0,01;
SBBH;SBUL;518,56;0,8;6253,87;1220;1220;834,31;658,59;800;860;;;;;316,9811321;311,136;21132,07547;
SBUL;SBBH;463;0,8;;;1040;834,31;877,34;;;;;;;283,0188679;277,8;18867,92453;
SBBH;SBSP;613,012;1;5638,74;1100;1400;834,31;;685;3800;;85,94;300;;0;367,8072;0,01;
SBSP;SBBH;568,564;0,9;2527,79;464;1270;988,42;877,34;;;;;300;;0;650,0939321;0,01;
SBBH;SBBR;735,244;1,1;8073,65;1575;1430;;538,61;623;1350;;;300;;2037,700528;441,1464;27496,70185;1650
SBBR;SBBH;668,572;1,1;;;1400;;877,34;;;;;300;;2000,299472;401,1432;25003,29815;1650
SBBH;SBSP;627,828;0,9;8140,29;1588;1490;;;400;15200;4832,35;169,77;600;;0;376,6968;0,01;
SBSP;SBBH;522,264;0,8;1089,56;200;1250;988,42;877,34;431,06;;;;900;;0;313,3584;0,01;
SBBH;SBGO;727,836;1,2;9785,78;1909;1480;834,31;729,47;685;750;1220,8;92,97;;;365,7562735;436,7016;24383,75157;
SBGO;SBBH;748,208;1,1;;;1340;834,31;877,34;;;;;;;375,9937265;448,9248;25066,24843;
SBBH;SNPD;407,44;0,6;5341,42;1042;1100;834,31;;392;520;586,32;150;;;235,7142857;244,464;15714,28571;
SNPD;SBBH;318,544;0,6;;;830;295,75;877,34;;;;;;;184,2857143;382,2528;12285,71429;
SBBH;SBBR;698,204;1,1;7632,8;1489;1440;834,31;538,61;462,3;1391;;;;;362,2417421;418,9224;24149,44948;
SBBR;SBBH;679,684;1,1;;;1380;988,42;877,34;;;;;;;352,6332079;515,7602118;23508,88052;
SBBH;SBIP;179,644;0,3;3588,29;700;550;834,31;864,53;90;;;;;;0;215,5728;0,01;
SBIP;SBBH;211,128;0,4;;;640;;877,34;;;;;;;0;253,3536;0,01;
SBBH;SBGV;251,872;0,4;4613,51;900;750;834,31;731,04;800;400;598;;;;0;151,1232;0,01;
SBGV;SBBH;301,876;0,6;;;810;443,12;877,34;;;;;;;0;181,1256;0,01;
SBBH;SBSP;703,76;1,1;9001,48;1756;1550;834,31;;342,5;3800;;;;;0;844,512;0,01;
SBSP;SBBR;916,74;1,5;4085,87;750;1810;988,42;;;1390;1957,2;94,96;;;0;1100,088;;
SBBR;SBJD;1000,08;1,7;4732,84;901;2150;988,42;576,09;495,72;1500;;;300;;0;600,048;;
SBBH;SBGR;566,712;0,9;9565,35;1866;1350;834,31;551,37;520;780;;;;;642,3940678;340,0272;42826,27119;
SBGR;SBGL;416,7;0,8;;;1060;988,42;559,3;;900;;;;;428,2309322;250,02;28548,72881;
SBGL;SBBH;403,736;0,7;1178,29;228;1040;988,42;877,34;;;;;;;0;242,2416;0,01;
SBBH;SBJH;627,828;0,9;8458,11;1650;1350;834,31;827;580;2408;;;;;374,6003135;376,6968;24973,35423;
SBJH;SBBH;553,748;0,9;;;1120;504,39;877,34;1187,7;;;;;;360,3996865;332,2488;24026,64577;
SBJD;SBBH;496,336;0,8;8130;1000;1220;646,06;877,34;411;;1549,1;144,97;;;0;595,6032;0,01;
SBBH;SBJD;555,6;0,9;4721,16;921;1390;834,31;;177,2;900;;;;;0;1000,08;0,01;
SBJD;SBBH;511,152;0,8;;;1260;646,06;877,34;;;;;;;0;920,0736;0,01;
SBBH;SBJD;533,376;0,9;7253,47;1415;1250;834,31;;400;1500;1140,36;32,98;900;;0;320,0256;0,01;
SBJD;SBBH;520,412;0,8;;;1150;646,06;877,34;409;;;49,27;;;0;312,2472;0,01;
SBBH;SBIP;177,792;0,4;2665,58;520;570;834,31;864,53;400;;;;;;0;213,3504;0,01;
SBIP;SBBH;227,796;0,4;;;680;;877,34;;;;;;;0;273,3552;0,01;
SBBH;SBJD;514,856;0,9;7945,5;1550;1240;834,31;;342,5;900;;;;;0;617,8272;0,01;
SBJD;SBBH;531,524;0,8;;;1210;646,06;877,34;177,2;;;;;;0;637,8288;0,01;
SBBH;SBRJ;420,404;0,7;4613,51;900;1050;834,31;1026,86;342,5;1471,86;;;;;0;252,2424;0,01;
SBRJ;SBBH;425,96;0,7;;;990;834,31;877,34;;;;;;;0;255,576;0,01;
SBBH;SBCF;138,9;0,4;7689,19;1500;540;834,31;550,23;267,2;;;;;;134,4674556;83,34;8964,497041;
SBCF;SNJR;192,608;0,4;;;580;988,42;;;;;;;;186,4615385;115,5648;12430,76923;
SNJR;SBJD;385,216;0,7;;;940;;;177,2;900;;;;;0;231,1296;0,01;
SBJD;SBBH;520,412;0,7;5747,91;707;1270;646,06;877,34;;;;;;;0;624,4944;0,01;
SBBH;SBBR;700,056;1,1;8714,42;1700;1470;834,31;538,61;400;1350;;40,98;;;363,9032157;420,0336;24260,21438;
SBBR;SBBH;664,868;1;;;1370;988,42;877,34;;;;;;;345,6117843;398,9208;23040,78562;
SBBH;SNJR;188,904;0,4;3588,29;700;570;834,31;975,2;;;;;;;0;340,0272;0,01;
SNJR;SBCF;237,056;0,5;;;710;;550,23;177,2;1695;;;;;229,4911243;426,7008;15299,40828;
SBCF;SBBH;57,412;0,1;;;310;988,42;877,34;;;;;;;55,57988166;103,3416;3705,325444;
SBBH;SBRJ;433,368;0,8;6305,13;1230;1040;834,31;1026,86;400;1471,86;;;;;0;260,0208;0,01;
SBRJ;SBBH;440,776;0,8;;;1010;;877,34;;;;;;;0;264,4656;0,01;
SBBH;SBSP;696,352;1,1;7555,91;1474;1500;;;177,2;7600;1133,28;197,93;300;;0;417,8112;0,01;
SBBH;SBSJ;485,224;0,7;9744,77;1901;1150;;795,23;177,2;;;;;;0;291,1344;0,01;
SBSJ;SBBH;474,112;0,8;;;1050;;877,34;;;;;;;0;284,4672;0,01;
